2022-11-18 14:12:10.373333,11,1400.0,400.0
2022-11-18 14:12:10.392726,11,1399.0,400.0
2022-11-18 14:12:10.403613,11,1399.0,402.0
2022-11-18 14:12:10.413902,11,1399.0,406.0
2022-11-18 14:12:10.422159,11,1399.0,411.0
2022-11-18 14:12:10.432187,11,1398.0,415.0
2022-11-18 14:12:10.442487,11,1398.0,424.0
2022-11-18 14:12:10.453707,11,1398.0,435.0
2022-11-18 14:12:10.463296,11,1398.0,445.0
2022-11-18 14:12:10.473521,11,1398.0,455.0
2022-11-18 14:12:10.483808,11,1398.0,466.0
2022-11-18 14:12:10.494543,11,1398.0,475.0
2022-11-18 14:12:10.504595,11,1398.0,483.0
2022-11-18 14:12:10.513189,11,1398.0,492.0
2022-11-18 14:12:10.523045,11,1398.0,497.0
2022-11-18 14:12:10.534045,11,1398.0,505.0
2022-11-18 14:12:10.544591,11,1398.0,514.0
2022-11-18 14:12:10.553586,11,1398.0,526.0
2022-11-18 14:12:10.563456,11,1398.0,536.0
2022-11-18 14:12:10.574028,11,1398.0,548.0
2022-11-18 14:12:10.584614,11,1398.0,558.0
2022-11-18 14:12:10.593323,11,1398.0,568.0
2022-11-18 14:12:10.603587,11,1398.0,577.0
2022-11-18 14:12:10.613437,11,1395.0,586.0
2022-11-18 14:12:10.623843,11,1395.0,596.0
2022-11-18 14:12:10.632854,11,1394.0,605.0
2022-11-18 14:12:10.643389,11,1391.0,612.0
2022-11-18 14:12:10.653731,11,1389.0,622.0
2022-11-18 14:12:10.664739,11,1384.0,632.0
2022-11-18 14:12:10.674940,11,1378.0,644.0
2022-11-18 14:12:10.683552,11,1369.0,659.0
2022-11-18 14:12:10.693344,11,1360.0,672.0
2022-11-18 14:12:10.704641,11,1348.0,689.0
2022-11-18 14:12:10.714144,11,1339.0,701.0
2022-11-18 14:12:10.723124,11,1329.0,714.0
2022-11-18 14:12:10.733590,11,1321.0,725.0
2022-11-18 14:12:10.744906,11,1314.0,733.0
2022-11-18 14:12:10.753952,11,1301.0,746.0
2022-11-18 14:12:10.762982,11,1293.0,754.0
2022-11-18 14:12:10.772991,11,1284.0,761.0
2022-11-18 14:12:10.784593,11,1276.0,768.0
2022-11-18 14:12:10.794587,11,1266.0,774.0
2022-11-18 14:12:10.804904,11,1257.0,779.0
2022-11-18 14:12:10.814594,11,1246.0,787.0
2022-11-18 14:12:10.823970,11,1237.0,792.0
2022-11-18 14:12:10.835205,11,1228.0,796.0
2022-11-18 14:12:10.845462,11,1220.0,800.0
2022-11-18 14:12:10.854235,11,1213.0,804.0
2022-11-18 14:12:10.864539,11,1205.0,807.0
2022-11-18 14:12:10.875505,11,1197.0,810.0
2022-11-18 14:12:10.885485,11,1190.0,813.0
2022-11-18 14:12:10.893818,11,1183.0,816.0
2022-11-18 14:12:10.904427,11,1176.0,818.0
2022-11-18 14:12:10.915776,11,1168.0,819.0
2022-11-18 14:12:10.924770,11,1161.0,819.0
2022-11-18 14:12:10.934372,11,1151.0,819.0
2022-11-18 14:12:10.944531,11,1144.0,819.0
2022-11-18 14:12:10.955536,11,1133.0,819.0
2022-11-18 14:12:10.965363,11,1124.0,819.0
2022-11-18 14:12:10.975516,11,1112.0,819.0
2022-11-18 14:12:10.985404,11,1103.0,819.0
2022-11-18 14:12:10.994638,11,1094.0,819.0
2022-11-18 14:12:11.006472,11,1086.0,819.0
2022-11-18 14:12:11.015488,11,1077.0,819.0
2022-11-18 14:12:11.024746,11,1069.0,815.0
2022-11-18 14:12:11.046060,11,1066.0,813.0
2022-11-18 14:12:11.075063,11,1065.0,813.0
2022-11-18 14:12:11.085878,11,1064.0,813.0
2022-11-18 14:12:11.096345,11,1063.0,813.0
2022-11-18 14:12:11.105614,11,1060.0,813.0
2022-11-18 14:12:11.115346,11,1057.0,813.0
2022-11-18 14:12:11.126440,11,1053.0,813.0
2022-11-18 14:12:11.137491,11,1047.0,813.0
2022-11-18 14:12:11.146512,11,1042.0,813.0
2022-11-18 14:12:11.155712,11,1038.0,813.0
2022-11-18 14:12:11.165713,11,1032.0,813.0
2022-11-18 14:12:11.176247,11,1027.0,813.0
2022-11-18 14:12:11.186696,11,1024.0,813.0
2022-11-18 14:12:11.194694,11,1019.0,813.0
2022-11-18 14:12:11.205057,11,1014.0,813.0
2022-11-18 14:12:11.216036,11,1009.0,813.0
2022-11-18 14:12:11.226557,11,1005.0,813.0
2022-11-18 14:12:11.235554,11,1003.0,813.0
2022-11-18 14:12:11.246583,11,1001.0,813.0
2022-11-18 14:12:11.256657,11,999.0,813.0
2022-11-18 14:12:11.266667,11,997.0,813.0
2022-11-18 14:12:11.275714,11,994.0,813.0
2022-11-18 14:12:11.285604,11,992.0,813.0
2022-11-18 14:12:11.296483,11,989.0,813.0
2022-11-18 14:12:11.309456,11,983.0,813.0
2022-11-18 14:12:11.316458,11,977.0,813.0
2022-11-18 14:12:11.325753,11,971.0,813.0
2022-11-18 14:12:11.337255,11,963.0,809.0
2022-11-18 14:12:11.346851,11,957.0,807.0
2022-11-18 14:12:11.357050,11,951.0,807.0
2022-11-18 14:12:11.366051,11,946.0,805.0
2022-11-18 14:12:11.376152,11,942.0,804.0
2022-11-18 14:12:11.386956,11,937.0,804.0
2022-11-18 14:12:11.397222,11,934.0,803.0
2022-11-18 14:12:11.406050,11,928.0,801.0
2022-11-18 14:12:11.416351,11,927.0,801.0
2022-11-18 14:12:11.426805,11,923.0,801.0
2022-11-18 14:12:11.437308,11,918.0,801.0
2022-11-18 14:12:11.446753,11,915.0,801.0
2022-11-18 14:12:11.455790,11,912.0,801.0
2022-11-18 14:12:11.467305,11,906.0,801.0
2022-11-18 14:12:11.478323,11,902.0,801.0
2022-11-18 14:12:11.488479,11,895.0,801.0
2022-11-18 14:12:11.498448,11,890.0,801.0
2022-11-18 14:12:11.509008,11,884.0,800.0
2022-11-18 14:12:11.518060,11,878.0,800.0
2022-11-18 14:12:11.528046,11,872.0,800.0
2022-11-18 14:12:11.536985,11,864.0,800.0
2022-11-18 14:12:11.547078,11,858.0,800.0
2022-11-18 14:12:11.558079,11,850.0,800.0
2022-11-18 14:12:11.568498,11,842.0,800.0
2022-11-18 14:12:11.577608,11,833.0,800.0
2022-11-18 14:12:11.587646,11,826.0,800.0
2022-11-18 14:12:11.598177,11,817.0,800.0
2022-11-18 14:12:11.608802,11,811.0,800.0
2022-11-18 14:12:11.616810,11,805.0,800.0
2022-11-18 14:12:11.626952,11,797.0,800.0
2022-11-18 14:12:11.638742,11,790.0,800.0
2022-11-18 14:12:11.648006,11,783.0,799.0
2022-11-18 14:12:11.657005,11,777.0,797.0
2022-11-18 14:12:11.666911,11,772.0,797.0
2022-11-18 14:12:11.678150,11,767.0,795.0
2022-11-18 14:12:11.688151,11,761.0,792.0
2022-11-18 14:12:11.698653,11,756.0,790.0
2022-11-18 14:12:11.707773,11,752.0,788.0
2022-11-18 14:12:11.716978,11,747.0,785.0
2022-11-18 14:12:11.728569,11,742.0,780.0
2022-11-18 14:12:11.738119,11,735.0,774.0
2022-11-18 14:12:11.746854,11,728.0,768.0
2022-11-18 14:12:11.757165,11,724.0,764.0
2022-11-18 14:12:11.768656,11,718.0,758.0
2022-11-18 14:12:11.777969,11,713.0,752.0
2022-11-18 14:12:11.787004,11,709.0,748.0
2022-11-18 14:12:11.797255,11,705.0,742.0
2022-11-18 14:12:11.808374,11,701.0,734.0
2022-11-18 14:12:11.818405,11,697.0,726.0
2022-11-18 14:12:11.828773,11,695.0,716.0
2022-11-18 14:12:11.838530,11,694.0,707.0
2022-11-18 14:12:11.849296,11,694.0,694.0
2022-11-18 14:12:11.859436,11,694.0,684.0
2022-11-18 14:12:11.869698,11,694.0,676.0
2022-11-18 14:12:11.877702,11,694.0,666.0
2022-11-18 14:12:11.889290,11,694.0,659.0
2022-11-18 14:12:11.899743,11,694.0,650.0
2022-11-18 14:12:11.908769,11,694.0,638.0
2022-11-18 14:12:11.918048,11,694.0,624.0
2022-11-18 14:12:11.928605,11,694.0,606.0
2022-11-18 14:12:11.939190,11,694.0,585.0
2022-11-18 14:12:11.948965,11,694.0,563.0
2022-11-18 14:12:11.957934,11,694.0,541.0
2022-11-18 14:12:11.968001,11,694.0,528.0
2022-11-18 14:12:11.979969,11,694.0,510.0
2022-11-18 14:12:11.990018,11,694.0,493.0
2022-11-18 14:12:11.999948,11,694.0,481.0
2022-11-18 14:12:12.009975,11,694.0,465.0
2022-11-18 14:12:12.019939,11,694.0,450.0
2022-11-18 14:12:12.030587,11,694.0,432.0
2022-11-18 14:12:12.039843,11,694.0,419.0
2022-11-18 14:12:12.049188,11,694.0,408.0
2022-11-18 14:12:12.060686,11,694.0,398.0
2022-11-18 14:12:12.070020,11,694.0,387.0
2022-11-18 14:12:12.080144,11,694.0,378.0
2022-11-18 14:12:12.089376,11,694.0,367.0
2022-11-18 14:12:12.098848,11,694.0,359.0
2022-11-18 14:12:12.109889,11,696.0,349.0
2022-11-18 14:12:12.120373,11,698.0,340.0
2022-11-18 14:12:12.130015,11,699.0,329.0
2022-11-18 14:12:12.139013,11,702.0,317.0
2022-11-18 14:12:12.149892,11,703.0,308.0
2022-11-18 14:12:12.160856,11,703.0,298.0
2022-11-18 14:12:12.169945,11,704.0,290.0
2022-11-18 14:12:12.179249,11,706.0,284.0
2022-11-18 14:12:12.190586,11,707.0,279.0
2022-11-18 14:12:12.200551,11,708.0,273.0
2022-11-18 14:12:12.209852,11,708.0,267.0
2022-11-18 14:12:12.219082,11,710.0,263.0
2022-11-18 14:12:12.230617,11,711.0,259.0
2022-11-18 14:12:12.240373,11,711.0,256.0
2022-11-18 14:12:12.249732,11,712.0,252.0
2022-11-18 14:12:12.259932,11,712.0,250.0
2022-11-18 14:12:12.280243,11,713.0,249.0
2022-11-18 14:12:12.299272,11,713.0,248.0
2022-11-18 14:12:12.361424,11,713.0,247.0
2022-11-18 14:12:12.371596,11,713.0,246.0
2022-11-18 14:12:12.381301,11,713.0,245.0
2022-11-18 14:12:12.389854,11,713.0,244.0
2022-11-18 14:12:12.401548,11,713.0,242.0
2022-11-18 14:12:12.410817,11,713.0,241.0
2022-11-18 14:12:12.421037,11,713.0,240.0
2022-11-18 14:12:12.430263,11,713.0,237.0
2022-11-18 14:12:12.441376,11,713.0,236.0
2022-11-18 14:12:12.451649,11,713.0,235.0
2022-11-18 14:12:12.461744,11,713.0,234.0
2022-11-18 14:12:12.470257,11,713.0,230.0
2022-11-18 14:12:12.480535,11,713.0,228.0
2022-11-18 14:12:12.491606,11,713.0,225.0
2022-11-18 14:12:12.501773,11,713.0,222.0
2022-11-18 14:12:12.511317,11,713.0,218.0
2022-11-18 14:12:12.521616,11,713.0,215.0
2022-11-18 14:12:12.532918,11,713.0,212.0
2022-11-18 14:12:12.542292,11,713.0,209.0
2022-11-18 14:12:12.552645,11,713.0,206.0
2022-11-18 14:12:12.668255,11,1401.0,399.0
2022-11-18 14:12:14.067889,12,1800.0,900.0
2022-11-18 14:12:14.078616,12,1799.0,899.0
2022-11-18 14:12:14.087970,12,1799.0,897.0
2022-11-18 14:12:14.096970,12,1799.0,893.0
2022-11-18 14:12:14.107286,12,1799.0,888.0
2022-11-18 14:12:14.118607,12,1799.0,881.0
2022-11-18 14:12:14.128091,12,1799.0,873.0
2022-11-18 14:12:14.137289,12,1799.0,867.0
2022-11-18 14:12:14.147687,12,1799.0,859.0
2022-11-18 14:12:14.157950,12,1799.0,850.0
2022-11-18 14:12:14.168744,12,1799.0,838.0
2022-11-18 14:12:14.177834,12,1799.0,829.0
2022-11-18 14:12:14.187088,12,1799.0,819.0
2022-11-18 14:12:14.198622,12,1799.0,807.0
2022-11-18 14:12:14.208610,12,1799.0,799.0
2022-11-18 14:12:14.216678,12,1799.0,790.0
2022-11-18 14:12:14.226744,12,1798.0,782.0
2022-11-18 14:12:14.238941,12,1797.0,774.0
2022-11-18 14:12:14.248600,12,1796.0,766.0
2022-11-18 14:12:14.258603,12,1793.0,756.0
2022-11-18 14:12:14.267602,12,1792.0,746.0
2022-11-18 14:12:14.277292,12,1791.0,734.0
2022-11-18 14:12:14.288291,12,1787.0,715.0
2022-11-18 14:12:14.298727,12,1782.0,694.0
2022-11-18 14:12:14.306996,12,1779.0,679.0
2022-11-18 14:12:14.317468,12,1773.0,667.0
2022-11-18 14:12:14.328464,12,1765.0,652.0
2022-11-18 14:12:14.338499,12,1757.0,639.0
2022-11-18 14:12:14.347875,12,1750.0,627.0
2022-11-18 14:12:14.356944,12,1747.0,620.0
2022-11-18 14:12:14.368160,12,1741.0,610.0
2022-11-18 14:12:14.378572,12,1736.0,602.0
2022-11-18 14:12:14.388578,12,1731.0,593.0
2022-11-18 14:12:14.398617,12,1724.0,581.0
2022-11-18 14:12:14.409941,12,1715.0,569.0
2022-11-18 14:12:14.419558,12,1701.0,553.0
2022-11-18 14:12:14.429316,12,1690.0,539.0
2022-11-18 14:12:14.438594,12,1675.0,526.0
2022-11-18 14:12:14.448283,12,1667.0,517.0
2022-11-18 14:12:14.459571,12,1653.0,500.0
2022-11-18 14:12:14.468818,12,1638.0,484.0
2022-11-18 14:12:14.478132,12,1626.0,472.0
2022-11-18 14:12:14.488124,12,1615.0,460.0
2022-11-18 14:12:14.499289,12,1601.0,444.0
2022-11-18 14:12:14.509287,12,1586.0,429.0
2022-11-18 14:12:14.518278,12,1574.0,417.0
2022-11-18 14:12:14.528453,12,1564.0,406.0
2022-11-18 14:12:14.538864,12,1552.0,395.0
2022-11-18 14:12:14.548899,12,1543.0,389.0
2022-11-18 14:12:14.559127,12,1534.0,382.0
2022-11-18 14:12:14.569275,12,1526.0,372.0
2022-11-18 14:12:14.580275,12,1518.0,363.0
2022-11-18 14:12:14.589669,12,1512.0,357.0
2022-11-18 14:12:14.599970,12,1507.0,351.0
2022-11-18 14:12:14.609347,12,1502.0,346.0
2022-11-18 14:12:14.620317,12,1498.0,342.0
2022-11-18 14:12:14.630591,12,1494.0,341.0
2022-11-18 14:12:14.640117,12,1490.0,337.0
2022-11-18 14:12:14.648988,12,1485.0,333.0
2022-11-18 14:12:14.659322,12,1482.0,333.0
2022-11-18 14:12:14.670555,12,1479.0,331.0
2022-11-18 14:12:14.680658,12,1477.0,330.0
2022-11-18 14:12:14.688992,12,1472.0,329.0
2022-11-18 14:12:14.699643,12,1468.0,328.0
2022-11-18 14:12:14.710771,12,1462.0,327.0
2022-11-18 14:12:14.720315,12,1453.0,326.0
2022-11-18 14:12:14.729794,12,1445.0,326.0
2022-11-18 14:12:14.738847,12,1436.0,326.0
2022-11-18 14:12:14.749970,12,1427.0,326.0
2022-11-18 14:12:14.760490,12,1416.0,326.0
2022-11-18 14:12:14.770868,12,1407.0,326.0
2022-11-18 14:12:14.778898,12,1394.0,326.0
2022-11-18 14:12:14.789131,12,1383.0,326.0
2022-11-18 14:12:14.800469,12,1370.0,326.0
2022-11-18 14:12:14.810551,12,1355.0,326.0
2022-11-18 14:12:14.819168,12,1342.0,326.0
2022-11-18 14:12:14.829348,12,1332.0,326.0
2022-11-18 14:12:14.840417,12,1319.0,326.0
2022-11-18 14:12:14.850749,12,1310.0,326.0
2022-11-18 14:12:14.859046,12,1300.0,326.0
2022-11-18 14:12:14.869273,12,1291.0,326.0
2022-11-18 14:12:14.881387,12,1281.0,326.0
2022-11-18 14:12:14.889699,12,1272.0,326.0
2022-11-18 14:12:14.900266,12,1261.0,326.0
2022-11-18 14:12:14.910170,12,1250.0,325.0
2022-11-18 14:12:14.921367,12,1240.0,323.0
2022-11-18 14:12:14.931615,12,1229.0,322.0
2022-11-18 14:12:14.941730,12,1218.0,321.0
2022-11-18 14:12:14.950056,12,1207.0,319.0
2022-11-18 14:12:14.960496,12,1196.0,318.0
2022-11-18 14:12:14.971509,12,1185.0,316.0
2022-11-18 14:12:14.981905,12,1174.0,315.0
2022-11-18 14:12:14.990126,12,1165.0,313.0
2022-11-18 14:12:15.000372,12,1156.0,312.0
2022-11-18 14:12:15.010944,12,1146.0,310.0
2022-11-18 14:12:15.021191,12,1140.0,309.0
2022-11-18 14:12:15.030231,12,1135.0,309.0
2022-11-18 14:12:15.040493,12,1131.0,306.0
2022-11-18 14:12:15.051662,12,1127.0,306.0
2022-11-18 14:12:15.060970,12,1124.0,305.0
2022-11-18 14:12:15.070946,12,1122.0,305.0
2022-11-18 14:12:15.081129,12,1118.0,304.0
2022-11-18 14:12:15.092618,12,1113.0,302.0
2022-11-18 14:12:15.102461,12,1108.0,302.0
2022-11-18 14:12:15.111984,12,1101.0,301.0
2022-11-18 14:12:15.121299,12,1094.0,300.0
2022-11-18 14:12:15.132300,12,1089.0,299.0
2022-11-18 14:12:15.142548,12,1085.0,298.0
2022-11-18 14:12:15.151803,12,1079.0,297.0
2022-11-18 14:12:15.161806,12,1074.0,297.0
2022-11-18 14:12:15.171612,12,1069.0,296.0
2022-11-18 14:12:15.181866,12,1063.0,295.0
2022-11-18 14:12:15.191931,12,1058.0,294.0
2022-11-18 14:12:15.201492,12,1053.0,294.0
2022-11-18 14:12:15.210970,12,1047.0,293.0
2022-11-18 14:12:15.222144,12,1044.0,292.0
2022-11-18 14:12:15.232115,12,1038.0,292.0
2022-11-18 14:12:15.241096,12,1036.0,291.0
2022-11-18 14:12:15.251039,12,1033.0,291.0
2022-11-18 14:12:15.262070,12,1029.0,290.0
2022-11-18 14:12:15.272548,12,1027.0,290.0
2022-11-18 14:12:15.282621,12,1022.0,290.0
2022-11-18 14:12:15.291599,12,1015.0,289.0
2022-11-18 14:12:15.301009,12,1011.0,287.0
2022-11-18 14:12:15.312628,12,1006.0,287.0
2022-11-18 14:12:15.322666,12,1000.0,287.0
2022-11-18 14:12:15.331163,12,996.0,286.0
2022-11-18 14:12:15.341558,12,993.0,286.0
2022-11-18 14:12:15.352567,12,988.0,286.0
2022-11-18 14:12:15.362974,12,984.0,284.0
2022-11-18 14:12:15.372037,12,978.0,284.0
2022-11-18 14:12:15.382265,12,974.0,284.0
2022-11-18 14:12:15.393321,12,966.0,283.0
2022-11-18 14:12:15.402517,12,961.0,282.0
2022-11-18 14:12:15.411913,12,953.0,281.0
2022-11-18 14:12:15.422893,12,950.0,281.0
2022-11-18 14:12:15.433200,12,944.0,281.0
2022-11-18 14:12:15.442841,12,939.0,280.0
2022-11-18 14:12:15.453224,12,935.0,279.0
2022-11-18 14:12:15.462524,12,929.0,278.0
2022-11-18 14:12:15.472349,12,924.0,278.0
2022-11-18 14:12:15.483381,12,918.0,278.0
2022-11-18 14:12:15.493605,12,912.0,278.0
2022-11-18 14:12:15.502700,12,906.0,278.0
2022-11-18 14:12:15.511904,12,901.0,278.0
2022-11-18 14:12:15.523292,12,894.0,278.0
2022-11-18 14:12:15.533732,12,888.0,278.0
2022-11-18 14:12:15.541746,12,882.0,278.0
2022-11-18 14:12:15.552757,12,876.0,278.0
2022-11-18 14:12:15.563110,12,870.0,278.0
2022-11-18 14:12:15.573361,12,859.0,278.0
2022-11-18 14:12:15.583392,12,849.0,280.0
2022-11-18 14:12:15.593727,12,837.0,284.0
2022-11-18 14:12:15.604094,12,824.0,287.0
2022-11-18 14:12:15.614095,12,804.0,293.0
2022-11-18 14:12:15.624552,12,789.0,297.0
2022-11-18 14:12:15.633667,12,771.0,303.0
2022-11-18 14:12:15.644815,12,754.0,308.0
2022-11-18 14:12:15.654120,12,732.0,314.0
2022-11-18 14:12:15.664570,12,709.0,319.0
2022-11-18 14:12:15.673039,12,680.0,328.0
2022-11-18 14:12:15.683047,12,654.0,335.0
2022-11-18 14:12:15.694508,12,626.0,342.0
2022-11-18 14:12:15.704558,12,603.0,348.0
2022-11-18 14:12:15.713597,12,581.0,355.0
2022-11-18 14:12:15.723673,12,565.0,359.0
2022-11-18 14:12:15.734678,12,553.0,362.0
2022-11-18 14:12:15.743744,12,535.0,367.0
2022-11-18 14:12:15.753176,12,520.0,371.0
2022-11-18 14:12:15.763602,12,504.0,377.0
2022-11-18 14:12:15.774749,12,489.0,381.0
2022-11-18 14:12:15.783907,12,476.0,384.0
2022-11-18 14:12:15.793879,12,461.0,388.0
2022-11-18 14:12:15.802823,12,447.0,394.0
2022-11-18 14:12:15.814494,12,436.0,396.0
2022-11-18 14:12:15.824877,12,426.0,399.0
2022-11-18 14:12:15.834469,12,415.0,404.0
2022-11-18 14:12:15.843471,12,405.0,406.0
2022-11-18 14:12:15.853695,12,398.0,408.0
2022-11-18 14:12:15.864136,12,389.0,412.0
2022-11-18 14:12:15.874167,12,382.0,415.0
2022-11-18 14:12:15.883614,12,374.0,417.0
2022-11-18 14:12:15.893580,12,368.0,420.0
2022-11-18 14:12:15.904261,12,362.0,423.0
2022-11-18 14:12:15.914558,12,354.0,427.0
2022-11-18 14:12:15.924325,12,349.0,429.0
2022-11-18 14:12:15.934105,12,343.0,433.0
2022-11-18 14:12:15.945360,12,339.0,436.0
2022-11-18 14:12:15.955586,12,335.0,439.0
2022-11-18 14:12:15.964969,12,331.0,441.0
2022-11-18 14:12:15.985240,12,329.0,443.0
2022-11-18 14:12:15.995593,12,327.0,444.0
2022-11-18 14:12:16.005592,12,326.0,446.0
2022-11-18 14:12:16.014588,12,325.0,446.0
2022-11-18 14:12:16.024229,12,324.0,448.0
2022-11-18 14:12:16.035230,12,323.0,449.0
2022-11-18 14:12:16.045374,12,321.0,452.0
2022-11-18 14:12:16.054732,12,321.0,453.0
2022-11-18 14:12:16.064231,12,319.0,455.0
2022-11-18 14:12:16.075003,12,318.0,456.0
2022-11-18 14:12:16.085210,12,317.0,458.0
2022-11-18 14:12:16.095468,12,316.0,459.0
2022-11-18 14:12:16.105436,12,315.0,460.0
2022-11-18 14:12:16.116305,12,314.0,463.0
2022-11-18 14:12:16.126323,12,312.0,466.0
2022-11-18 14:12:16.136321,12,311.0,469.0
2022-11-18 14:12:16.145534,12,307.0,474.0
2022-11-18 14:12:16.156723,12,305.0,479.0
2022-11-18 14:12:16.165797,12,303.0,485.0
2022-11-18 14:12:16.176188,12,301.0,491.0
2022-11-18 14:12:17.600526,13,1700.0,300.0
2022-11-18 14:12:17.611625,13,1700.0,299.0
2022-11-18 14:12:17.621332,13,1699.0,299.0
2022-11-18 14:12:17.631652,13,1695.0,299.0
2022-11-18 14:12:17.641589,13,1688.0,299.0
2022-11-18 14:12:17.651986,13,1680.0,299.0
2022-11-18 14:12:17.662258,13,1672.0,299.0
2022-11-18 14:12:17.672152,13,1660.0,299.0
2022-11-18 14:12:17.681400,13,1647.0,299.0
2022-11-18 14:12:17.691745,13,1636.0,296.0
2022-11-18 14:12:17.702492,13,1625.0,296.0
2022-11-18 14:12:17.712018,13,1610.0,295.0
2022-11-18 14:12:17.721342,13,1595.0,295.0
2022-11-18 14:12:17.732342,13,1579.0,295.0
2022-11-18 14:12:17.742282,13,1557.0,295.0
2022-11-18 14:12:17.752653,13,1533.0,295.0
2022-11-18 14:12:17.761040,13,1507.0,295.0
2022-11-18 14:12:17.771052,13,1486.0,295.0
2022-11-18 14:12:17.782472,13,1457.0,295.0
2022-11-18 14:12:17.791911,13,1431.0,295.0
2022-11-18 14:12:17.801074,13,1407.0,293.0
2022-11-18 14:12:17.811598,13,1390.0,291.0
2022-11-18 14:12:17.821941,13,1375.0,290.0
2022-11-18 14:12:17.831939,13,1359.0,284.0
2022-11-18 14:12:17.842187,13,1345.0,280.0
2022-11-18 14:12:17.850807,13,1336.0,276.0
2022-11-18 14:12:17.862197,13,1328.0,271.0
2022-11-18 14:12:17.871986,13,1321.0,265.0
2022-11-18 14:12:17.882603,13,1317.0,260.0
2022-11-18 14:12:17.890943,13,1313.0,256.0
2022-11-18 14:12:17.901225,13,1307.0,250.0
2022-11-18 14:12:17.912775,13,1301.0,242.0
2022-11-18 14:12:17.922046,13,1294.0,234.0
2022-11-18 14:12:17.931402,13,1287.0,226.0
2022-11-18 14:12:17.941033,13,1281.0,220.0
2022-11-18 14:12:17.952570,13,1274.0,212.0
2022-11-18 14:12:17.962607,13,1268.0,206.0
2022-11-18 14:12:17.971970,13,1263.0,203.0
2022-11-18 14:12:17.982521,13,1258.0,201.0
2022-11-18 14:12:17.993561,13,1252.0,197.0
2022-11-18 14:12:18.004022,13,1247.0,193.0
2022-11-18 14:12:18.013586,13,1242.0,191.0
2022-11-18 14:12:18.022625,13,1237.0,189.0
2022-11-18 14:12:18.032886,13,1232.0,186.0
2022-11-18 14:12:18.043504,13,1228.0,185.0
2022-11-18 14:12:18.053537,13,1222.0,182.0
2022-11-18 14:12:18.062621,13,1216.0,181.0
2022-11-18 14:12:18.073959,13,1210.0,179.0
2022-11-18 14:12:18.083573,13,1201.0,176.0
2022-11-18 14:12:18.093217,13,1193.0,174.0
2022-11-18 14:12:18.102606,13,1185.0,169.0
2022-11-18 14:12:18.112439,13,1178.0,166.0
2022-11-18 14:12:18.123473,13,1169.0,163.0
2022-11-18 14:12:18.133325,13,1160.0,160.0
2022-11-18 14:12:18.143180,13,1153.0,157.0
2022-11-18 14:12:18.152993,13,1145.0,155.0
2022-11-18 14:12:18.164161,13,1137.0,152.0
2022-11-18 14:12:18.174678,13,1128.0,150.0
2022-11-18 14:12:18.184659,13,1119.0,147.0
2022-11-18 14:12:18.193148,13,1110.0,144.0
2022-11-18 14:12:18.204725,13,1102.0,142.0
2022-11-18 14:12:18.213907,13,1095.0,140.0
2022-11-18 14:12:18.223916,13,1088.0,139.0
2022-11-18 14:12:18.232914,13,1080.0,137.0
2022-11-18 14:12:18.243841,13,1074.0,137.0
2022-11-18 14:12:18.253878,13,1069.0,136.0
2022-11-18 14:12:18.264604,13,1067.0,135.0
2022-11-18 14:12:18.273522,13,1065.0,135.0
2022-11-18 14:12:18.283284,13,1063.0,135.0
2022-11-18 14:12:18.294536,13,1060.0,135.0
2022-11-18 14:12:18.304941,13,1057.0,135.0
2022-11-18 14:12:18.313630,13,1054.0,135.0
2022-11-18 14:12:18.322932,13,1051.0,135.0
2022-11-18 14:12:18.334469,13,1046.0,135.0
2022-11-18 14:12:18.343804,13,1041.0,135.0
2022-11-18 14:12:18.353810,13,1035.0,135.0
2022-11-18 14:12:18.363103,13,1026.0,135.0
2022-11-18 14:12:18.374552,13,1019.0,135.0
2022-11-18 14:12:18.384571,13,1010.0,135.0
2022-11-18 14:12:18.394854,13,1002.0,135.0
2022-11-18 14:12:18.403125,13,995.0,135.0
2022-11-18 14:12:18.413118,13,991.0,135.0
2022-11-18 14:12:18.424310,13,988.0,135.0
2022-11-18 14:12:18.434600,13,985.0,135.0
2022-11-18 14:12:18.443074,13,981.0,135.0
2022-11-18 14:12:18.453341,13,979.0,135.0
2022-11-18 14:12:18.464733,13,975.0,135.0
2022-11-18 14:12:18.473960,13,972.0,135.0
2022-11-18 14:12:18.484240,13,966.0,135.0
2022-11-18 14:12:18.494431,13,961.0,135.0
2022-11-18 14:12:18.505800,13,955.0,135.0
2022-11-18 14:12:18.514797,13,952.0,135.0
2022-11-18 14:12:18.525099,13,947.0,135.0
2022-11-18 14:12:18.534615,13,944.0,135.0
2022-11-18 14:12:18.545149,13,941.0,135.0
2022-11-18 14:12:18.555342,13,938.0,136.0
2022-11-18 14:12:18.565015,13,936.0,136.0
2022-11-18 14:12:18.574015,13,935.0,137.0
2022-11-18 14:12:18.585221,13,933.0,138.0
2022-11-18 14:12:18.595614,13,932.0,139.0
2022-11-18 14:12:18.605614,13,929.0,140.0
2022-11-18 14:12:18.614410,13,925.0,142.0
2022-11-18 14:12:18.624685,13,922.0,145.0
2022-11-18 14:12:18.635017,13,916.0,149.0
2022-11-18 14:12:18.645011,13,912.0,153.0
2022-11-18 14:12:18.655370,13,906.0,158.0
2022-11-18 14:12:18.664799,13,900.0,163.0
2022-11-18 14:12:18.675965,13,894.0,169.0
2022-11-18 14:12:18.686635,13,890.0,172.0
2022-11-18 14:12:18.696586,13,884.0,178.0
2022-11-18 14:12:18.705417,13,877.0,183.0
2022-11-18 14:12:18.715769,13,872.0,188.0
2022-11-18 14:12:18.726606,13,867.0,193.0
2022-11-18 14:12:18.736566,13,863.0,197.0
2022-11-18 14:12:18.744858,13,858.0,203.0
2022-11-18 14:12:18.756132,13,856.0,206.0
2022-11-18 14:12:18.765873,13,852.0,212.0
2022-11-18 14:12:18.776346,13,848.0,217.0
2022-11-18 14:12:18.785323,13,845.0,225.0
2022-11-18 14:12:18.795109,13,842.0,232.0
2022-11-18 14:12:18.805886,13,839.0,238.0
2022-11-18 14:12:18.816404,13,836.0,244.0
2022-11-18 14:12:18.825782,13,831.0,251.0
2022-11-18 14:12:18.835615,13,829.0,256.0
2022-11-18 14:12:18.845930,13,827.0,260.0
2022-11-18 14:12:18.856245,13,823.0,265.0
2022-11-18 14:12:18.865836,13,820.0,271.0
2022-11-18 14:12:18.874996,13,817.0,276.0
2022-11-18 14:12:18.886218,13,816.0,279.0
2022-11-18 14:12:18.896036,13,812.0,284.0
2022-11-18 14:12:18.906583,13,808.0,289.0
2022-11-18 14:12:18.915591,13,804.0,295.0
2022-11-18 14:12:18.926631,13,800.0,300.0
2022-11-18 14:12:18.935972,13,795.0,305.0
2022-11-18 14:12:18.946589,13,791.0,311.0
2022-11-18 14:12:18.955619,13,785.0,317.0
2022-11-18 14:12:18.964774,13,780.0,322.0
2022-11-18 14:12:18.976503,13,773.0,328.0
2022-11-18 14:12:18.986616,13,765.0,334.0
2022-11-18 14:12:18.996689,13,756.0,341.0
2022-11-18 14:12:19.006228,13,748.0,348.0
2022-11-18 14:12:19.017256,13,737.0,355.0
2022-11-18 14:12:19.027580,13,728.0,363.0
2022-11-18 14:12:19.036780,13,720.0,369.0
2022-11-18 14:12:19.045819,13,707.0,380.0
2022-11-18 14:12:19.057236,13,696.0,386.0
2022-11-18 14:12:19.067760,13,685.0,395.0
2022-11-18 14:12:19.076957,13,670.0,405.0
2022-11-18 14:12:19.085956,13,652.0,418.0
2022-11-18 14:12:19.097298,13,639.0,427.0
2022-11-18 14:12:19.107283,13,623.0,439.0
2022-11-18 14:12:19.117541,13,604.0,452.0
2022-11-18 14:12:19.126280,13,584.0,463.0
2022-11-18 14:12:19.135895,13,567.0,475.0
2022-11-18 14:12:19.147146,13,548.0,486.0
2022-11-18 14:12:19.157266,13,537.0,494.0
2022-11-18 14:12:19.167327,13,521.0,505.0
2022-11-18 14:12:19.177326,13,508.0,515.0
2022-11-18 14:12:19.188690,13,497.0,522.0
2022-11-18 14:12:19.197602,13,483.0,532.0
2022-11-18 14:12:19.208603,13,470.0,542.0
2022-11-18 14:12:19.216879,13,461.0,548.0
2022-11-18 14:12:19.228605,13,450.0,556.0
2022-11-18 14:12:19.237973,13,440.0,565.0
2022-11-18 14:12:19.248015,13,431.0,573.0
2022-11-18 14:12:19.257319,13,417.0,584.0
2022-11-18 14:12:19.268285,13,410.0,592.0
2022-11-18 14:12:19.278285,13,401.0,603.0
2022-11-18 14:12:19.288632,13,393.0,610.0
2022-11-18 14:12:19.297634,13,382.0,619.0
2022-11-18 14:12:19.307644,13,374.0,626.0
2022-11-18 14:12:19.318493,13,363.0,634.0
2022-11-18 14:12:19.328755,13,356.0,640.0
2022-11-18 14:12:19.336941,13,349.0,646.0
2022-11-18 14:12:19.347315,13,343.0,652.0
2022-11-18 14:12:19.358051,13,339.0,656.0
2022-11-18 14:12:19.368254,13,335.0,660.0
2022-11-18 14:12:19.378253,13,333.0,663.0
2022-11-18 14:12:19.387814,13,330.0,666.0
2022-11-18 14:12:19.398320,13,329.0,668.0
2022-11-18 14:12:19.408319,13,327.0,670.0
2022-11-18 14:12:19.418319,13,325.0,673.0
2022-11-18 14:12:19.427932,13,324.0,674.0
2022-11-18 14:12:19.437970,13,322.0,676.0
2022-11-18 14:12:19.448233,13,320.0,679.0
2022-11-18 14:12:19.458754,13,318.0,681.0
2022-11-18 14:12:19.466826,13,315.0,684.0
2022-11-18 14:12:19.477183,13,313.0,687.0
2022-11-18 14:12:19.488598,13,310.0,691.0
2022-11-18 14:12:19.498296,13,307.0,697.0
2022-11-18 14:12:19.507613,13,303.0,703.0
2022-11-18 14:12:19.518434,13,299.0,709.0
2022-11-18 14:12:19.529690,13,294.0,714.0
2022-11-18 14:12:19.538696,13,285.0,722.0
2022-11-18 14:12:19.549002,13,281.0,726.0
2022-11-18 14:12:19.558691,13,274.0,733.0
2022-11-18 14:12:19.569695,13,267.0,738.0
2022-11-18 14:12:19.579483,13,259.0,745.0
2022-11-18 14:12:19.589238,13,252.0,751.0
2022-11-18 14:12:19.597979,13,247.0,755.0
2022-11-18 14:12:19.609386,13,242.0,760.0
2022-11-18 14:12:19.618753,13,236.0,766.0
2022-11-18 14:12:19.629337,13,231.0,772.0
2022-11-18 14:12:19.637669,13,227.0,776.0
2022-11-18 14:12:19.649824,13,222.0,780.0
2022-11-18 14:12:19.659825,13,218.0,784.0
2022-11-18 14:12:19.669064,13,213.0,787.0
2022-11-18 14:12:19.679257,13,210.0,790.0
2022-11-18 14:12:21.155485,14,1100.0,200.0
2022-11-18 14:12:21.164879,14,1100.0,201.0
2022-11-18 14:12:21.174880,14,1099.0,210.0
2022-11-18 14:12:21.185162,14,1097.0,221.0
2022-11-18 14:12:21.195447,14,1093.0,236.0
2022-11-18 14:12:21.205726,14,1086.0,262.0
2022-11-18 14:12:21.214723,14,1082.0,288.0
2022-11-18 14:12:21.225094,14,1080.0,310.0
2022-11-18 14:12:21.236382,14,1080.0,326.0
2022-11-18 14:12:21.246353,14,1080.0,339.0
2022-11-18 14:12:21.255623,14,1080.0,348.0
2022-11-18 14:12:21.264915,14,1080.0,359.0
2022-11-18 14:12:21.275902,14,1080.0,369.0
2022-11-18 14:12:21.286567,14,1080.0,381.0
2022-11-18 14:12:21.296653,14,1078.0,398.0
2022-11-18 14:12:21.305668,14,1076.0,408.0
2022-11-18 14:12:21.315908,14,1076.0,418.0
2022-11-18 14:12:21.326458,14,1075.0,429.0
2022-11-18 14:12:21.336585,14,1075.0,438.0
2022-11-18 14:12:21.345439,14,1075.0,448.0
2022-11-18 14:12:21.355794,14,1075.0,456.0
2022-11-18 14:12:21.366038,14,1075.0,468.0
2022-11-18 14:12:21.376077,14,1075.0,477.0
2022-11-18 14:12:21.385333,14,1075.0,490.0
2022-11-18 14:12:21.395715,14,1075.0,501.0
2022-11-18 14:12:21.406401,14,1075.0,512.0
2022-11-18 14:12:21.416340,14,1075.0,521.0
2022-11-18 14:12:21.426369,14,1075.0,530.0
2022-11-18 14:12:21.435595,14,1075.0,538.0
2022-11-18 14:12:21.445940,14,1075.0,544.0
2022-11-18 14:12:21.456489,14,1075.0,552.0
2022-11-18 14:12:21.466081,14,1075.0,560.0
2022-11-18 14:12:21.475337,14,1075.0,568.0
2022-11-18 14:12:21.486515,14,1075.0,574.0
2022-11-18 14:12:21.496593,14,1075.0,581.0
2022-11-18 14:12:21.507605,14,1075.0,587.0
2022-11-18 14:12:21.516692,14,1075.0,591.0
2022-11-18 14:12:21.527068,14,1075.0,596.0
2022-11-18 14:12:21.536439,14,1075.0,601.0
2022-11-18 14:12:21.545770,14,1075.0,605.0
2022-11-18 14:12:21.556034,14,1075.0,609.0
2022-11-18 14:12:21.566198,14,1075.0,614.0
2022-11-18 14:12:21.577059,14,1075.0,618.0
2022-11-18 14:12:21.587087,14,1074.0,624.0
2022-11-18 14:12:21.597434,14,1074.0,626.0
2022-11-18 14:12:21.606750,14,1073.0,631.0
2022-11-18 14:12:21.617032,14,1073.0,632.0
2022-11-18 14:12:21.627068,14,1073.0,633.0
2022-11-18 14:12:21.637082,14,1072.0,637.0
2022-11-18 14:12:21.646697,14,1071.0,640.0
2022-11-18 14:12:21.656771,14,1070.0,643.0
2022-11-18 14:12:21.667252,14,1069.0,646.0
2022-11-18 14:12:21.676854,14,1068.0,648.0
2022-11-18 14:12:21.685859,14,1066.0,651.0
2022-11-18 14:12:21.696851,14,1065.0,652.0
2022-11-18 14:12:21.716808,14,1063.0,654.0
2022-11-18 14:12:21.727072,14,1061.0,655.0
2022-11-18 14:12:21.738690,14,1059.0,657.0
2022-11-18 14:12:21.748726,14,1057.0,658.0
2022-11-18 14:12:21.758421,14,1055.0,659.0
2022-11-18 14:12:21.768856,14,1054.0,660.0
2022-11-18 14:12:21.777218,14,1052.0,661.0
2022-11-18 14:12:21.788216,14,1050.0,663.0
2022-11-18 14:12:21.798532,14,1048.0,664.0
2022-11-18 14:12:21.808541,14,1045.0,667.0
2022-11-18 14:12:21.817099,14,1043.0,667.0
2022-11-18 14:12:21.828734,14,1041.0,668.0
2022-11-18 14:12:21.837704,14,1039.0,669.0
2022-11-18 14:12:21.847703,14,1036.0,670.0
2022-11-18 14:12:21.856884,14,1034.0,670.0
2022-11-18 14:12:21.868692,14,1032.0,670.0
2022-11-18 14:12:21.878699,14,1027.0,672.0
2022-11-18 14:12:21.888916,14,1025.0,672.0
2022-11-18 14:12:21.897561,14,1021.0,673.0
2022-11-18 14:12:21.906905,14,1019.0,674.0
2022-11-18 14:12:21.918121,14,1014.0,675.0
2022-11-18 14:12:21.928169,14,1012.0,675.0
2022-11-18 14:12:21.938626,14,1008.0,676.0
2022-11-18 14:12:21.947456,14,1003.0,676.0
2022-11-18 14:12:21.958249,14,1001.0,676.0
2022-11-18 14:12:21.968345,14,995.0,676.0
2022-11-18 14:12:21.978343,14,990.0,676.0
2022-11-18 14:12:21.987800,14,985.0,676.0
2022-11-18 14:12:21.998890,14,980.0,676.0
2022-11-18 14:12:22.007927,14,976.0,676.0
2022-11-18 14:12:22.018041,14,972.0,676.0
2022-11-18 14:12:22.026776,14,966.0,676.0
2022-11-18 14:12:22.038211,14,964.0,676.0
2022-11-18 14:12:22.048396,14,963.0,676.0
2022-11-18 14:12:22.058704,14,960.0,676.0
2022-11-18 14:12:22.068124,14,959.0,676.0
2022-11-18 14:12:22.079115,14,956.0,676.0
2022-11-18 14:12:22.089271,14,954.0,676.0
2022-11-18 14:12:22.099640,14,951.0,676.0
2022-11-18 14:12:22.108648,14,950.0,676.0
2022-11-18 14:12:22.117880,14,947.0,676.0
2022-11-18 14:12:22.129800,14,945.0,676.0
2022-11-18 14:12:22.139397,14,944.0,676.0
2022-11-18 14:12:22.149591,14,942.0,676.0
2022-11-18 14:12:22.158184,14,940.0,676.0
2022-11-18 14:12:22.169443,14,939.0,676.0
2022-11-18 14:12:22.179595,14,937.0,676.0
2022-11-18 14:12:22.188865,14,936.0,676.0
2022-11-18 14:12:22.198523,14,934.0,676.0
2022-11-18 14:12:22.209560,14,931.0,676.0
2022-11-18 14:12:22.219572,14,928.0,676.0
2022-11-18 14:12:22.229613,14,923.0,675.0
2022-11-18 14:12:22.239755,14,919.0,674.0
2022-11-18 14:12:22.250431,14,914.0,671.0
2022-11-18 14:12:22.259814,14,910.0,670.0
2022-11-18 14:12:22.270285,14,906.0,667.0
2022-11-18 14:12:22.279933,14,903.0,665.0
2022-11-18 14:12:22.289591,14,900.0,663.0
2022-11-18 14:12:22.300653,14,898.0,661.0
2022-11-18 14:12:22.309940,14,895.0,658.0
2022-11-18 14:12:22.320149,14,892.0,654.0
2022-11-18 14:12:22.329405,14,888.0,649.0
2022-11-18 14:12:22.340626,14,885.0,644.0
2022-11-18 14:12:22.349830,14,882.0,639.0
2022-11-18 14:12:22.359796,14,879.0,634.0
2022-11-18 14:12:22.368667,14,876.0,628.0
2022-11-18 14:12:22.379820,14,873.0,621.0
2022-11-18 14:12:22.390219,14,870.0,616.0
2022-11-18 14:12:22.400287,14,865.0,609.0
2022-11-18 14:12:22.409374,14,863.0,604.0
2022-11-18 14:12:22.419678,14,859.0,599.0
2022-11-18 14:12:22.430707,14,855.0,593.0
2022-11-18 14:12:22.440804,14,851.0,588.0
2022-11-18 14:12:22.450501,14,847.0,583.0
2022-11-18 14:12:22.459614,14,843.0,579.0
2022-11-18 14:12:22.469878,14,840.0,574.0
2022-11-18 14:12:22.480544,14,837.0,571.0
2022-11-18 14:12:22.490607,14,832.0,564.0
2022-11-18 14:12:22.498908,14,828.0,560.0
2022-11-18 14:12:22.510227,14,824.0,555.0
2022-11-18 14:12:22.520488,14,816.0,549.0
2022-11-18 14:12:22.530626,14,805.0,540.0
2022-11-18 14:12:22.539670,14,793.0,532.0
2022-11-18 14:12:22.550048,14,785.0,525.0
2022-11-18 14:12:22.560281,14,776.0,520.0
2022-11-18 14:12:22.570542,14,769.0,514.0
2022-11-18 14:12:22.579831,14,763.0,509.0
2022-11-18 14:12:22.591840,14,757.0,504.0
2022-11-18 14:12:22.601216,14,751.0,498.0
2022-11-18 14:12:22.611537,14,745.0,493.0
2022-11-18 14:12:22.621552,14,737.0,487.0
2022-11-18 14:12:22.630195,14,729.0,481.0
2022-11-18 14:12:22.641390,14,721.0,474.0
2022-11-18 14:12:22.650955,14,712.0,467.0
2022-11-18 14:12:22.660993,14,701.0,459.0
2022-11-18 14:12:22.670575,14,690.0,450.0
2022-11-18 14:12:22.680820,14,678.0,442.0
2022-11-18 14:12:22.690866,14,664.0,434.0
2022-11-18 14:12:22.701088,14,645.0,426.0
2022-11-18 14:12:22.710351,14,627.0,418.0
2022-11-18 14:12:22.721388,14,609.0,411.0
2022-11-18 14:12:22.730701,14,590.0,402.0
2022-11-18 14:12:22.740913,14,572.0,395.0
2022-11-18 14:12:22.751962,14,560.0,390.0
2022-11-18 14:12:22.762543,14,543.0,386.0
2022-11-18 14:12:22.771832,14,525.0,380.0
2022-11-18 14:12:22.781841,14,508.0,375.0
2022-11-18 14:12:22.792535,14,488.0,369.0
2022-11-18 14:12:22.800940,14,469.0,365.0
2022-11-18 14:12:22.812485,14,452.0,361.0
2022-11-18 14:12:22.822353,14,434.0,355.0
2022-11-18 14:12:22.831811,14,417.0,350.0
2022-11-18 14:12:22.841138,14,405.0,346.0
2022-11-18 14:12:22.852133,14,392.0,342.0
2022-11-18 14:12:22.862801,14,377.0,339.0
2022-11-18 14:12:22.872071,14,364.0,335.0
2022-11-18 14:12:22.881305,14,350.0,330.0
2022-11-18 14:12:22.892553,14,341.0,325.0
2022-11-18 14:12:22.901915,14,331.0,321.0
2022-11-18 14:12:22.911923,14,325.0,317.0
2022-11-18 14:12:22.921475,14,320.0,315.0
2022-11-18 14:12:22.932760,14,316.0,312.0
2022-11-18 14:12:22.942114,14,310.0,307.0
2022-11-18 14:12:22.952343,14,303.0,303.0
2022-11-18 14:12:22.962689,14,296.0,297.0
2022-11-18 14:12:22.971596,14,289.0,293.0
2022-11-18 14:12:22.982630,14,284.0,288.0
2022-11-18 14:12:22.992396,14,278.0,284.0
2022-11-18 14:12:23.002565,14,273.0,279.0
2022-11-18 14:12:23.011564,14,271.0,278.0
2022-11-18 14:12:23.022172,14,268.0,275.0
2022-11-18 14:12:23.031771,14,265.0,271.0
2022-11-18 14:12:23.042035,14,263.0,267.0
2022-11-18 14:12:23.051507,14,260.0,263.0
2022-11-18 14:12:23.061798,14,257.0,259.0
2022-11-18 14:12:23.071863,14,256.0,255.0
2022-11-18 14:12:23.082020,14,250.0,249.0
2022-11-18 14:12:23.092667,14,246.0,244.0
2022-11-18 14:12:23.102907,14,242.0,239.0
2022-11-18 14:12:23.112913,14,239.0,235.0
2022-11-18 14:12:23.123470,14,234.0,229.0
2022-11-18 14:12:23.132880,14,229.0,222.0
2022-11-18 14:12:23.141949,14,224.0,216.0
2022-11-18 14:12:23.153433,14,219.0,211.0
2022-11-18 14:12:23.162973,14,213.0,205.0
2022-11-18 14:12:23.172983,14,207.0,200.0
2022-11-18 14:12:23.182239,14,198.0,193.0
2022-11-18 14:12:23.193086,14,190.0,187.0
2022-11-18 14:12:23.203115,14,182.0,182.0
2022-11-18 14:12:23.213348,14,176.0,178.0
2022-11-18 14:12:23.222608,14,171.0,173.0
2022-11-18 14:12:23.233320,14,165.0,169.0
2022-11-18 14:12:23.243542,14,160.0,166.0
2022-11-18 14:12:23.253595,14,157.0,163.0
2022-11-18 14:12:23.263123,14,152.0,158.0
2022-11-18 14:12:23.274248,14,147.0,155.0
2022-11-18 14:12:23.284182,14,143.0,154.0
2022-11-18 14:12:23.294520,14,141.0,152.0
2022-11-18 14:12:23.304521,14,139.0,151.0
2022-11-18 14:12:23.312801,14,138.0,151.0
2022-11-18 14:12:23.324521,14,137.0,150.0
2022-11-18 14:12:23.334486,14,136.0,148.0
2022-11-18 14:12:23.344746,14,132.0,147.0
2022-11-18 14:12:23.353343,14,131.0,146.0
2022-11-18 14:12:23.364333,14,128.0,143.0
2022-11-18 14:12:23.374558,14,126.0,141.0
2022-11-18 14:12:23.384869,14,122.0,138.0
2022-11-18 14:12:23.393559,14,119.0,135.0
2022-11-18 14:12:23.404559,14,118.0,135.0
2022-11-18 14:12:23.414930,14,117.0,134.0
2022-11-18 14:12:23.424087,14,116.0,133.0
2022-11-18 14:12:23.444485,14,116.0,132.0
2022-11-18 14:12:23.464460,14,115.0,130.0
2022-11-18 14:12:23.474742,14,114.0,129.0
2022-11-18 14:12:23.483608,14,112.0,126.0
2022-11-18 14:12:23.494674,14,110.0,123.0
2022-11-18 14:12:23.504623,14,108.0,121.0
2022-11-18 14:12:23.514911,14,106.0,119.0
2022-11-18 14:12:23.523204,14,105.0,117.0
2022-11-18 14:12:23.534487,14,105.0,115.0
2022-11-18 14:12:23.544829,14,104.0,115.0
2022-11-18 14:12:23.574392,14,104.0,114.0
2022-11-18 14:12:24.890673,15,1300.0,900.0
2022-11-18 14:12:24.899793,15,1296.0,900.0
2022-11-18 14:12:24.909894,15,1288.0,897.0
2022-11-18 14:12:24.920202,15,1274.0,890.0
2022-11-18 14:12:24.929019,15,1256.0,881.0
2022-11-18 14:12:24.940778,15,1241.0,872.0
2022-11-18 14:12:24.950033,15,1219.0,858.0
2022-11-18 14:12:24.960242,15,1196.0,846.0
2022-11-18 14:12:24.969219,15,1172.0,827.0
2022-11-18 14:12:24.980430,15,1158.0,814.0
2022-11-18 14:12:24.990671,15,1140.0,796.0
2022-11-18 14:12:25.000352,15,1131.0,784.0
2022-11-18 14:12:25.010268,15,1125.0,775.0
2022-11-18 14:12:25.020462,15,1116.0,760.0
2022-11-18 14:12:25.030759,15,1111.0,748.0
2022-11-18 14:12:25.040091,15,1107.0,738.0
2022-11-18 14:12:25.050380,15,1102.0,727.0
2022-11-18 14:12:25.059903,15,1096.0,715.0
2022-11-18 14:12:25.070617,15,1092.0,705.0
2022-11-18 14:12:25.080694,15,1088.0,695.0
2022-11-18 14:12:25.089871,15,1085.0,681.0
2022-11-18 14:12:25.099551,15,1080.0,660.0
2022-11-18 14:12:25.110113,15,1074.0,644.0
2022-11-18 14:12:25.120460,15,1068.0,628.0
2022-11-18 14:12:25.130603,15,1065.0,611.0
2022-11-18 14:12:25.140799,15,1061.0,602.0
2022-11-18 14:12:25.150747,15,1059.0,594.0
2022-11-18 14:12:25.160746,15,1055.0,586.0
2022-11-18 14:12:25.171262,15,1055.0,580.0
2022-11-18 14:12:25.181489,15,1053.0,574.0
2022-11-18 14:12:25.191777,15,1053.0,568.0
2022-11-18 14:12:25.201745,15,1053.0,562.0
2022-11-18 14:12:25.211281,15,1053.0,555.0
2022-11-18 14:12:25.221572,15,1053.0,547.0
2022-11-18 14:12:25.230645,15,1053.0,540.0
2022-11-18 14:12:25.241140,15,1053.0,531.0
2022-11-18 14:12:25.251435,15,1053.0,523.0
2022-11-18 14:12:25.261608,15,1053.0,513.0
2022-11-18 14:12:25.270616,15,1053.0,505.0
2022-11-18 14:12:25.280810,15,1053.0,496.0
2022-11-18 14:12:25.290819,15,1053.0,488.0
2022-11-18 14:12:25.301230,15,1053.0,482.0
2022-11-18 14:12:25.311589,15,1053.0,475.0
2022-11-18 14:12:25.322203,15,1052.0,470.0
2022-11-18 14:12:25.332140,15,1051.0,465.0
2022-11-18 14:12:25.342531,15,1051.0,460.0
2022-11-18 14:12:25.351745,15,1048.0,455.0
2022-11-18 14:12:25.362755,15,1048.0,452.0
2022-11-18 14:12:25.372587,15,1044.0,447.0
2022-11-18 14:12:25.382652,15,1043.0,445.0
2022-11-18 14:12:25.392939,15,1041.0,442.0
2022-11-18 14:12:25.401383,15,1038.0,437.0
2022-11-18 14:12:25.412407,15,1036.0,434.0
2022-11-18 14:12:25.422430,15,1034.0,433.0
2022-11-18 14:12:25.432096,15,1031.0,430.0
2022-11-18 14:12:25.441738,15,1028.0,428.0
2022-11-18 14:12:25.452779,15,1026.0,426.0
2022-11-18 14:12:25.462414,15,1023.0,424.0
2022-11-18 14:12:25.472580,15,1020.0,423.0
2022-11-18 14:12:25.480946,15,1017.0,421.0
2022-11-18 14:12:25.492918,15,1015.0,420.0
2022-11-18 14:12:25.502240,15,1013.0,419.0
2022-11-18 14:12:25.512580,15,1010.0,418.0
2022-11-18 14:12:25.522617,15,1007.0,416.0
2022-11-18 14:12:25.532888,15,1002.0,414.0
2022-11-18 14:12:25.541747,15,1000.0,413.0
2022-11-18 14:12:25.552753,15,995.0,412.0
2022-11-18 14:12:25.562280,15,991.0,411.0
2022-11-18 14:12:25.572409,15,985.0,409.0
2022-11-18 14:12:25.582431,15,980.0,409.0
2022-11-18 14:12:25.592442,15,974.0,409.0
2022-11-18 14:12:25.601790,15,969.0,409.0
2022-11-18 14:12:25.610862,15,961.0,409.0
2022-11-18 14:12:25.621866,15,956.0,408.0
2022-11-18 14:12:25.632208,15,948.0,408.0
2022-11-18 14:12:25.642537,15,941.0,408.0
2022-11-18 14:12:25.652461,15,933.0,408.0
2022-11-18 14:12:25.663659,15,928.0,408.0
2022-11-18 14:12:25.672925,15,924.0,408.0
2022-11-18 14:12:25.683006,15,918.0,408.0
2022-11-18 14:12:25.693516,15,913.0,408.0
2022-11-18 14:12:25.702842,15,908.0,408.0
2022-11-18 14:12:25.712851,15,903.0,408.0
2022-11-18 14:12:25.723046,15,898.0,408.0
2022-11-18 14:12:25.733277,15,893.0,408.0
2022-11-18 14:12:25.743270,15,888.0,408.0
2022-11-18 14:12:25.753101,15,883.0,408.0
2022-11-18 14:12:25.763594,15,878.0,408.0
2022-11-18 14:12:25.773433,15,872.0,408.0
2022-11-18 14:12:25.782505,15,866.0,408.0
2022-11-18 14:12:25.793248,15,861.0,409.0
2022-11-18 14:12:25.802882,15,857.0,409.0
2022-11-18 14:12:25.812900,15,853.0,410.0
2022-11-18 14:12:25.823397,15,848.0,411.0
2022-11-18 14:12:25.834745,15,845.0,411.0
2022-11-18 14:12:25.843823,15,841.0,413.0
2022-11-18 14:12:25.854061,15,838.0,413.0
2022-11-18 14:12:25.864301,15,836.0,413.0
2022-11-18 14:12:25.874293,15,833.0,414.0
2022-11-18 14:12:25.884374,15,831.0,415.0
2022-11-18 14:12:25.894728,15,827.0,416.0
2022-11-18 14:12:25.904140,15,825.0,417.0
2022-11-18 14:12:25.914602,15,821.0,417.0
2022-11-18 14:12:25.924020,15,818.0,417.0
2022-11-18 14:12:25.934131,15,812.0,420.0
2022-11-18 14:12:25.944135,15,808.0,420.0
2022-11-18 14:12:25.953409,15,803.0,421.0
2022-11-18 14:12:25.964043,15,798.0,423.0
2022-11-18 14:12:25.974008,15,795.0,424.0
2022-11-18 14:12:25.984429,15,792.0,426.0
2022-11-18 14:12:25.993597,15,789.0,429.0
2022-11-18 14:12:26.004613,15,787.0,431.0
2022-11-18 14:12:26.014016,15,785.0,434.0
2022-11-18 14:12:26.024743,15,782.0,439.0
2022-11-18 14:12:26.033968,15,780.0,446.0
2022-11-18 14:12:26.044293,15,776.0,454.0
2022-11-18 14:12:26.054711,15,774.0,462.0
2022-11-18 14:12:26.064411,15,768.0,474.0
2022-11-18 14:12:26.073728,15,762.0,489.0
2022-11-18 14:12:26.083973,15,758.0,505.0
2022-11-18 14:12:26.094465,15,755.0,515.0
2022-11-18 14:12:26.104463,15,752.0,525.0
2022-11-18 14:12:26.114666,15,748.0,535.0
2022-11-18 14:12:26.123940,15,743.0,547.0
2022-11-18 14:12:26.134239,15,740.0,555.0
2022-11-18 14:12:26.144541,15,737.0,564.0
2022-11-18 14:12:26.153875,15,734.0,572.0
2022-11-18 14:12:26.163979,15,730.0,582.0
2022-11-18 14:12:26.175230,15,723.0,595.0
2022-11-18 14:12:26.185489,15,712.0,612.0
2022-11-18 14:12:26.195489,15,706.0,626.0
2022-11-18 14:12:26.205560,15,701.0,638.0
2022-11-18 14:12:26.214858,15,696.0,650.0
2022-11-18 14:12:26.225091,15,692.0,662.0
2022-11-18 14:12:26.234890,15,687.0,671.0
2022-11-18 14:12:26.245401,15,684.0,680.0
2022-11-18 14:12:26.255226,15,679.0,690.0
2022-11-18 14:12:26.264957,15,676.0,698.0
2022-11-18 14:12:26.275349,15,674.0,706.0
2022-11-18 14:12:26.284590,15,671.0,713.0
2022-11-18 14:12:26.295069,15,667.0,720.0
2022-11-18 14:12:26.305181,15,663.0,729.0
2022-11-18 14:12:26.315455,15,660.0,736.0
2022-11-18 14:12:26.325618,15,654.0,745.0
2022-11-18 14:12:26.334911,15,648.0,752.0
2022-11-18 14:12:26.346234,15,640.0,760.0
2022-11-18 14:12:26.356314,15,633.0,768.0
2022-11-18 14:12:26.365950,15,625.0,775.0
2022-11-18 14:12:26.376511,15,617.0,782.0
2022-11-18 14:12:26.386613,15,612.0,787.0
2022-11-18 14:12:26.396672,15,604.0,792.0
2022-11-18 14:12:26.406324,15,597.0,799.0
2022-11-18 14:12:26.416331,15,591.0,805.0
2022-11-18 14:12:26.426037,15,584.0,811.0
2022-11-18 14:12:26.436612,15,578.0,815.0
2022-11-18 14:12:26.446300,15,575.0,818.0
2022-11-18 14:12:26.456003,15,571.0,822.0
2022-11-18 14:12:26.466553,15,568.0,825.0
2022-11-18 14:12:26.476606,15,566.0,827.0
2022-11-18 14:12:26.486596,15,562.0,830.0
2022-11-18 14:12:26.496416,15,560.0,832.0
2022-11-18 14:12:26.505416,15,557.0,835.0
2022-11-18 14:12:26.516125,15,553.0,838.0
2022-11-18 14:12:26.526555,15,552.0,839.0
2022-11-18 14:12:26.536579,15,548.0,843.0
2022-11-18 14:12:26.546578,15,545.0,845.0
2022-11-18 14:12:26.556586,15,542.0,847.0
2022-11-18 14:12:26.566463,15,541.0,848.0
2022-11-18 14:12:26.576461,15,538.0,850.0
2022-11-18 14:12:26.586471,15,537.0,852.0
2022-11-18 14:12:26.596326,15,535.0,854.0
2022-11-18 14:12:26.606325,15,533.0,855.0
2022-11-18 14:12:26.615955,15,530.0,858.0
2022-11-18 14:12:26.626467,15,528.0,860.0
2022-11-18 14:12:26.636466,15,524.0,864.0
2022-11-18 14:12:26.647472,15,521.0,868.0
2022-11-18 14:12:26.657727,15,519.0,870.0
2022-11-18 14:12:26.666904,15,517.0,874.0
2022-11-18 14:12:26.677092,15,514.0,878.0
2022-11-18 14:12:26.688205,15,512.0,881.0
2022-11-18 14:12:26.697343,15,510.0,884.0
2022-11-18 14:12:26.707336,15,505.0,890.0
2022-11-18 14:12:27.882293,11,701.0,201.0
2022-11-18 14:12:27.902592,11,702.0,201.0
2022-11-18 14:12:27.912859,11,702.0,204.0
2022-11-18 14:12:27.922027,11,702.0,207.0
2022-11-18 14:12:27.932033,11,704.0,214.0
2022-11-18 14:12:27.942286,11,705.0,224.0
2022-11-18 14:12:27.953428,11,706.0,237.0
2022-11-18 14:12:27.962340,11,709.0,252.0
2022-11-18 14:12:27.972669,11,711.0,266.0
2022-11-18 14:12:27.981789,11,713.0,277.0
2022-11-18 14:12:27.991801,11,715.0,295.0
2022-11-18 14:12:28.002040,11,721.0,313.0
2022-11-18 14:12:28.011784,11,726.0,327.0
2022-11-18 14:12:28.022145,11,731.0,338.0
2022-11-18 14:12:28.032108,11,736.0,347.0
2022-11-18 14:12:28.042028,11,739.0,353.0
2022-11-18 14:12:28.052122,11,743.0,361.0
2022-11-18 14:12:28.062128,11,747.0,368.0
2022-11-18 14:12:28.072621,11,752.0,377.0
2022-11-18 14:12:28.083388,11,757.0,385.0
2022-11-18 14:12:28.092358,11,761.0,390.0
2022-11-18 14:12:28.102734,11,764.0,395.0
2022-11-18 14:12:28.112761,11,766.0,399.0
2022-11-18 14:12:28.122772,11,769.0,402.0
2022-11-18 14:12:28.131979,11,771.0,406.0
2022-11-18 14:12:28.142754,11,773.0,407.0
2022-11-18 14:12:28.151830,11,775.0,408.0
2022-11-18 14:12:28.162970,11,778.0,410.0
2022-11-18 14:12:28.173014,11,781.0,413.0
2022-11-18 14:12:28.183160,11,784.0,415.0
2022-11-18 14:12:28.192182,11,788.0,419.0
2022-11-18 14:12:28.202071,11,795.0,424.0
2022-11-18 14:12:28.213786,11,800.0,427.0
2022-11-18 14:12:28.223793,11,807.0,434.0
2022-11-18 14:12:28.233127,11,812.0,438.0
2022-11-18 14:12:28.243032,11,818.0,443.0
2022-11-18 14:12:28.253998,11,825.0,450.0
2022-11-18 14:12:28.263479,11,831.0,458.0
2022-11-18 14:12:28.273580,11,838.0,462.0
2022-11-18 14:12:28.283460,11,843.0,467.0
2022-11-18 14:12:28.294455,11,846.0,472.0
2022-11-18 14:12:28.303747,11,850.0,477.0
2022-11-18 14:12:28.313088,11,854.0,481.0
2022-11-18 14:12:28.323116,11,858.0,485.0
2022-11-18 14:12:28.333605,11,862.0,490.0
2022-11-18 14:12:28.343633,11,865.0,494.0
2022-11-18 14:12:28.352700,11,868.0,497.0
2022-11-18 14:12:28.363246,11,870.0,501.0
2022-11-18 14:12:28.373331,11,873.0,504.0
2022-11-18 14:12:28.384350,11,874.0,506.0
2022-11-18 14:12:28.394399,11,877.0,509.0
2022-11-18 14:12:28.404695,11,877.0,511.0
2022-11-18 14:12:28.414634,11,879.0,513.0
2022-11-18 14:12:28.425349,11,880.0,514.0
2022-11-18 14:12:28.434678,11,881.0,515.0
2022-11-18 14:12:28.444119,11,882.0,516.0
2022-11-18 14:12:28.454194,11,883.0,516.0
2022-11-18 14:12:28.465189,11,883.0,517.0
2022-11-18 14:12:28.483843,11,885.0,518.0
2022-11-18 14:12:28.494300,11,887.0,519.0
2022-11-18 14:12:28.514299,11,888.0,521.0
2022-11-18 14:12:28.534328,11,890.0,521.0
2022-11-18 14:12:28.544074,11,893.0,522.0
2022-11-18 14:12:28.554677,11,896.0,522.0
2022-11-18 14:12:28.564348,11,900.0,524.0
2022-11-18 14:12:28.574150,11,903.0,525.0
2022-11-18 14:12:28.584504,11,907.0,525.0
2022-11-18 14:12:28.594110,11,911.0,527.0
2022-11-18 14:12:28.604337,11,914.0,527.0
2022-11-18 14:12:28.614363,11,917.0,528.0
2022-11-18 14:12:28.624621,11,920.0,528.0
2022-11-18 14:12:28.634566,11,924.0,529.0
2022-11-18 14:12:28.644129,11,930.0,530.0
2022-11-18 14:12:28.653953,11,935.0,531.0
2022-11-18 14:12:28.664185,11,941.0,533.0
2022-11-18 14:12:28.674185,11,948.0,535.0
2022-11-18 14:12:28.683363,11,957.0,536.0
2022-11-18 14:12:28.694580,11,965.0,539.0
2022-11-18 14:12:28.704194,11,972.0,540.0
2022-11-18 14:12:28.714201,11,979.0,540.0
2022-11-18 14:12:28.724491,11,987.0,543.0
2022-11-18 14:12:28.735849,11,994.0,544.0
2022-11-18 14:12:28.745222,11,999.0,545.0
2022-11-18 14:12:28.755359,11,1006.0,545.0
2022-11-18 14:12:28.765104,11,1012.0,547.0
2022-11-18 14:12:28.775070,11,1018.0,549.0
2022-11-18 14:12:28.785320,11,1024.0,550.0
2022-11-18 14:12:28.795438,11,1029.0,552.0
2022-11-18 14:12:28.805430,11,1033.0,553.0
2022-11-18 14:12:28.814781,11,1039.0,556.0
2022-11-18 14:12:28.826015,11,1046.0,557.0
2022-11-18 14:12:28.836680,11,1052.0,561.0
2022-11-18 14:12:28.846328,11,1059.0,562.0
2022-11-18 14:12:28.855307,11,1062.0,565.0
2022-11-18 14:12:28.865324,11,1063.0,565.0
2022-11-18 14:12:28.875201,11,1066.0,567.0
2022-11-18 14:12:28.885450,11,1068.0,568.0
2022-11-18 14:12:28.895453,11,1071.0,570.0
2022-11-18 14:12:28.906531,11,1073.0,571.0
2022-11-18 14:12:28.915842,11,1078.0,574.0
2022-11-18 14:12:28.926207,11,1083.0,578.0
2022-11-18 14:12:28.936098,11,1089.0,583.0
2022-11-18 14:12:28.946595,11,1096.0,587.0
2022-11-18 14:12:28.956582,11,1101.0,591.0
2022-11-18 14:12:28.966479,11,1107.0,594.0
2022-11-18 14:12:28.975781,11,1111.0,597.0
2022-11-18 14:12:28.986052,11,1116.0,598.0
2022-11-18 14:12:28.996179,11,1119.0,599.0
2022-11-18 14:12:29.006500,11,1123.0,600.0
2022-11-18 14:12:29.016507,11,1129.0,603.0
2022-11-18 14:12:29.026508,11,1137.0,604.0
2022-11-18 14:12:29.035954,11,1146.0,607.0
2022-11-18 14:12:29.046456,11,1157.0,608.0
2022-11-18 14:12:29.056309,11,1169.0,611.0
2022-11-18 14:12:29.065190,11,1183.0,612.0
2022-11-18 14:12:29.075984,11,1195.0,612.0
2022-11-18 14:12:29.086191,11,1206.0,612.0
2022-11-18 14:12:29.096260,11,1218.0,612.0
2022-11-18 14:12:29.106637,11,1229.0,613.0
2022-11-18 14:12:29.115749,11,1244.0,613.0
2022-11-18 14:12:29.126813,11,1256.0,613.0
2022-11-18 14:12:29.136339,11,1270.0,613.0
2022-11-18 14:12:29.146368,11,1287.0,610.0
2022-11-18 14:12:29.156345,11,1303.0,605.0
2022-11-18 14:12:29.165802,11,1312.0,600.0
2022-11-18 14:12:29.176006,11,1322.0,595.0
2022-11-18 14:12:29.185992,11,1333.0,588.0
2022-11-18 14:12:29.196714,11,1344.0,578.0
2022-11-18 14:12:29.206723,11,1353.0,572.0
2022-11-18 14:12:29.216285,11,1365.0,564.0
2022-11-18 14:12:29.225899,11,1379.0,554.0
2022-11-18 14:12:29.236580,11,1392.0,544.0
2022-11-18 14:12:29.247615,11,1404.0,534.0
2022-11-18 14:12:29.257754,11,1412.0,527.0
2022-11-18 14:12:29.266946,11,1420.0,519.0
2022-11-18 14:12:29.276974,11,1426.0,511.0
2022-11-18 14:12:29.287544,11,1430.0,506.0
2022-11-18 14:12:29.297759,11,1432.0,501.0
2022-11-18 14:12:29.306796,11,1433.0,499.0
2022-11-18 14:12:29.317185,11,1433.0,493.0
2022-11-18 14:12:29.327683,11,1435.0,490.0
2022-11-18 14:12:29.337672,11,1435.0,486.0
2022-11-18 14:12:29.346869,11,1435.0,481.0
2022-11-18 14:12:29.356889,11,1435.0,475.0
2022-11-18 14:12:29.367967,11,1435.0,468.0
2022-11-18 14:12:29.378015,11,1435.0,465.0
2022-11-18 14:12:29.387835,11,1434.0,458.0
2022-11-18 14:12:29.397922,11,1434.0,455.0
2022-11-18 14:12:29.407915,11,1432.0,451.0
2022-11-18 14:12:29.417994,11,1432.0,448.0
2022-11-18 14:12:29.428740,11,1431.0,445.0
2022-11-18 14:12:29.438782,11,1431.0,444.0
2022-11-18 14:12:29.448286,11,1431.0,441.0
2022-11-18 14:12:29.458629,11,1431.0,440.0
2022-11-18 14:12:29.468642,11,1430.0,438.0
2022-11-18 14:12:29.477949,11,1429.0,437.0
2022-11-18 14:12:29.488527,11,1429.0,435.0
2022-11-18 14:12:29.498438,11,1429.0,434.0
2022-11-18 14:12:29.508438,11,1428.0,433.0
2022-11-18 14:12:29.518755,11,1427.0,430.0
2022-11-18 14:12:29.528764,11,1425.0,428.0
2022-11-18 14:12:29.537771,11,1425.0,426.0
2022-11-18 14:12:29.548089,11,1423.0,423.0
2022-11-18 14:12:29.558750,11,1422.0,422.0
2022-11-18 14:12:29.568797,11,1420.0,420.0
2022-11-18 14:12:29.577491,11,1416.0,419.0
2022-11-18 14:12:29.588489,11,1412.0,416.0
2022-11-18 14:12:29.597874,11,1407.0,412.0
2022-11-18 14:12:30.933625,12,301.0,501.0
2022-11-18 14:12:30.944563,12,301.0,500.0
2022-11-18 14:12:30.954190,12,302.0,500.0
2022-11-18 14:12:30.964419,12,306.0,497.0
2022-11-18 14:12:30.974535,12,310.0,495.0
2022-11-18 14:12:30.984549,12,321.0,488.0
2022-11-18 14:12:30.994558,12,337.0,480.0
2022-11-18 14:12:31.005695,12,358.0,473.0
2022-11-18 14:12:31.015772,12,391.0,461.0
2022-11-18 14:12:31.024776,12,437.0,441.0
2022-11-18 14:12:31.034530,12,476.0,427.0
2022-11-18 14:12:31.044562,12,514.0,412.0
2022-11-18 14:12:31.054563,12,555.0,401.0
2022-11-18 14:12:31.064324,12,596.0,389.0
2022-11-18 14:12:31.074696,12,639.0,378.0
2022-11-18 14:12:31.084566,12,674.0,367.0
2022-11-18 14:12:31.094565,12,723.0,354.0
2022-11-18 14:12:31.104543,12,771.0,339.0
2022-11-18 14:12:31.113755,12,820.0,331.0
2022-11-18 14:12:31.123983,12,858.0,323.0
2022-11-18 14:12:31.134620,12,894.0,319.0
2022-11-18 14:12:31.144639,12,926.0,310.0
2022-11-18 14:12:31.154683,12,946.0,305.0
2022-11-18 14:12:32.208509,12,954.0,302.0
2022-11-18 14:12:32.218488,12,954.0,302.0
2022-11-18 14:12:32.228905,12,954.0,301.0
2022-11-18 14:12:32.237904,12,954.0,299.0
2022-11-18 14:12:33.242632,12,954.0,295.0
2022-11-18 14:12:33.252161,12,956.0,295.0
2022-11-18 14:12:33.262824,12,957.0,295.0
2022-11-18 14:12:33.271821,12,962.0,295.0
2022-11-18 14:12:33.281943,12,967.0,295.0
2022-11-18 14:12:33.291805,12,974.0,293.0
2022-11-18 14:12:33.301840,12,983.0,290.0
2022-11-18 14:12:33.312582,12,992.0,290.0
2022-11-18 14:12:33.322100,12,1007.0,289.0
2022-11-18 14:12:33.332916,12,1020.0,289.0
2022-11-18 14:12:33.343112,12,1034.0,289.0
2022-11-18 14:12:33.353612,12,1045.0,289.0
2022-11-18 14:12:33.363406,12,1060.0,289.0
2022-11-18 14:12:33.374611,12,1075.0,289.0
2022-11-18 14:12:33.384073,12,1095.0,289.0
2022-11-18 14:12:33.393627,12,1112.0,289.0
2022-11-18 14:12:33.403635,12,1136.0,289.0
2022-11-18 14:12:33.413669,12,1165.0,288.0
2022-11-18 14:12:33.422931,12,1193.0,288.0
2022-11-18 14:12:33.433623,12,1215.0,288.0
2022-11-18 14:12:33.443978,12,1243.0,288.0
2022-11-18 14:12:33.453866,12,1265.0,288.0
2022-11-18 14:12:33.462864,12,1284.0,288.0
2022-11-18 14:12:33.473123,12,1302.0,288.0
2022-11-18 14:12:33.483125,12,1317.0,288.0
2022-11-18 14:12:33.493125,12,1337.0,288.0
2022-11-18 14:12:33.504375,12,1363.0,288.0
2022-11-18 14:12:33.514123,12,1389.0,288.0
2022-11-18 14:12:33.523652,12,1420.0,288.0
2022-11-18 14:12:33.534661,12,1441.0,288.0
2022-11-18 14:12:33.545614,12,1457.0,288.0
2022-11-18 14:12:33.554142,12,1464.0,288.0
2022-11-18 14:12:33.794374,12,1467.0,288.0
2022-11-18 14:12:33.804118,12,1468.0,288.0
2022-11-18 14:12:33.814775,12,1470.0,290.0
2022-11-18 14:12:33.824200,12,1472.0,296.0
2022-11-18 14:12:33.833785,12,1477.0,304.0
2022-11-18 14:12:33.845608,12,1484.0,314.0
2022-11-18 14:12:33.855607,12,1490.0,326.0
2022-11-18 14:12:33.865460,12,1500.0,340.0
2022-11-18 14:12:33.875621,12,1514.0,353.0
2022-11-18 14:12:33.885829,12,1531.0,370.0
2022-11-18 14:12:33.895138,12,1543.0,380.0
2022-11-18 14:12:33.905591,12,1559.0,393.0
2022-11-18 14:12:33.915582,12,1583.0,408.0
2022-11-18 14:12:33.925132,12,1602.0,421.0
2022-11-18 14:12:33.935516,12,1620.0,434.0
2022-11-18 14:12:33.948520,12,1630.0,443.0
2022-11-18 14:12:33.955517,12,1639.0,454.0
2022-11-18 14:12:33.964888,12,1646.0,465.0
2022-11-18 14:12:33.975553,12,1652.0,477.0
2022-11-18 14:12:33.985320,12,1657.0,487.0
2022-11-18 14:12:33.994817,12,1662.0,502.0
2022-11-18 14:12:34.005123,12,1671.0,515.0
2022-11-18 14:12:34.016404,12,1678.0,527.0
2022-11-18 14:12:34.026710,12,1688.0,541.0
2022-11-18 14:12:34.036011,12,1695.0,552.0
2022-11-18 14:12:34.046128,12,1703.0,564.0
2022-11-18 14:12:34.057084,12,1714.0,582.0
2022-11-18 14:12:34.066113,12,1724.0,603.0
2022-11-18 14:12:34.076209,12,1735.0,620.0
2022-11-18 14:12:34.086809,12,1749.0,645.0
2022-11-18 14:12:34.097075,12,1759.0,662.0
2022-11-18 14:12:34.105944,12,1769.0,681.0
2022-11-18 14:12:34.116602,12,1774.0,690.0
2022-11-18 14:12:34.126639,12,1778.0,699.0
2022-11-18 14:12:34.135926,12,1781.0,707.0
2022-11-18 14:12:34.146179,12,1782.0,711.0
2022-11-18 14:12:34.156842,12,1784.0,715.0
2022-11-18 14:12:34.166274,12,1784.0,718.0
2022-11-18 14:12:34.176063,12,1784.0,720.0
2022-11-18 14:12:34.186539,12,1784.0,722.0
2022-11-18 14:12:34.196543,12,1784.0,727.0
2022-11-18 14:12:34.206643,12,1784.0,732.0
2022-11-18 14:12:34.215901,12,1784.0,739.0
2022-11-18 14:12:34.227272,12,1784.0,745.0
2022-11-18 14:12:34.236306,12,1784.0,748.0
2022-11-18 14:12:34.246619,12,1784.0,751.0
2022-11-18 14:12:34.255937,12,1784.0,754.0
2022-11-18 14:12:34.266305,12,1784.0,757.0
2022-11-18 14:12:34.276270,12,1784.0,760.0
2022-11-18 14:12:34.285909,12,1784.0,763.0
2022-11-18 14:12:34.296239,12,1784.0,766.0
2022-11-18 14:12:34.306563,12,1784.0,770.0
2022-11-18 14:12:34.316813,12,1786.0,777.0
2022-11-18 14:12:34.325822,12,1786.0,782.0
2022-11-18 14:12:34.335832,12,1788.0,790.0
2022-11-18 14:12:34.346690,12,1788.0,796.0
2022-11-18 14:12:34.357695,12,1789.0,802.0
2022-11-18 14:12:34.368025,12,1790.0,807.0
2022-11-18 14:12:34.377691,12,1792.0,815.0
2022-11-18 14:12:34.387694,12,1793.0,825.0
2022-11-18 14:12:34.398297,12,1794.0,837.0
2022-11-18 14:12:34.407941,12,1799.0,852.0
2022-11-18 14:12:34.417294,12,1804.0,864.0
2022-11-18 14:12:34.427323,12,1808.0,879.0
2022-11-18 14:12:34.437566,12,1810.0,888.0
2022-11-18 14:12:34.447949,12,1812.0,896.0
2022-11-18 14:12:36.505172,13,201.0,801.0
2022-11-18 14:12:36.515657,13,202.0,801.0
2022-11-18 14:12:36.525676,13,203.0,800.0
2022-11-18 14:12:36.535026,13,204.0,797.0
2022-11-18 14:12:36.545365,13,207.0,790.0
2022-11-18 14:12:36.555366,13,214.0,780.0
2022-11-18 14:12:36.564644,13,222.0,768.0
2022-11-18 14:12:36.576047,13,232.0,755.0
2022-11-18 14:12:36.585936,13,245.0,737.0
2022-11-18 14:12:36.596538,13,258.0,720.0
2022-11-18 14:12:36.606590,13,275.0,699.0
2022-11-18 14:12:36.617661,13,298.0,676.0
2022-11-18 14:12:36.626418,13,322.0,653.0
2022-11-18 14:12:36.635902,13,342.0,634.0
2022-11-18 14:12:36.646196,13,356.0,616.0
2022-11-18 14:12:36.657651,13,374.0,597.0
2022-11-18 14:12:36.665692,13,389.0,579.0
2022-11-18 14:12:36.676025,13,401.0,563.0
2022-11-18 14:12:36.686077,13,415.0,547.0
2022-11-18 14:12:36.696701,13,429.0,531.0
2022-11-18 14:12:36.705712,13,438.0,521.0
2022-11-18 14:12:36.715727,13,447.0,509.0
2022-11-18 14:12:36.726442,13,452.0,504.0
2022-11-18 14:12:36.736440,13,459.0,497.0
2022-11-18 14:12:36.746724,13,464.0,490.0
2022-11-18 14:12:36.756509,13,470.0,485.0
2022-11-18 14:12:36.765958,13,477.0,479.0
2022-11-18 14:12:36.775970,13,483.0,473.0
2022-11-18 14:12:36.787553,13,491.0,465.0
2022-11-18 14:12:36.796287,13,505.0,454.0
2022-11-18 14:12:36.806291,13,515.0,445.0
2022-11-18 14:12:36.816123,13,528.0,437.0
2022-11-18 14:12:36.827506,13,544.0,426.0
2022-11-18 14:12:36.836511,13,554.0,420.0
2022-11-18 14:12:36.846506,13,562.0,416.0
2022-11-18 14:12:36.856461,13,571.0,412.0
2022-11-18 14:12:36.867461,13,580.0,407.0
2022-11-18 14:12:36.876661,13,592.0,400.0
2022-11-18 14:12:36.886538,13,601.0,397.0
2022-11-18 14:12:36.896057,13,611.0,391.0
2022-11-18 14:12:36.906093,13,625.0,386.0
2022-11-18 14:12:36.917048,13,634.0,379.0
2022-11-18 14:12:36.927043,13,643.0,375.0
2022-11-18 14:12:36.937159,13,649.0,372.0
2022-11-18 14:12:36.947628,13,655.0,368.0
2022-11-18 14:12:36.957886,13,659.0,366.0
2022-11-18 14:12:36.967486,13,664.0,363.0
2022-11-18 14:12:36.978026,13,669.0,360.0
2022-11-18 14:12:36.986820,13,675.0,356.0
2022-11-18 14:12:36.997880,13,683.0,351.0
2022-11-18 14:12:37.007072,13,692.0,346.0
2022-11-18 14:12:37.017562,13,698.0,341.0
2022-11-18 14:12:37.027467,13,707.0,335.0
2022-11-18 14:12:37.037506,13,716.0,328.0
2022-11-18 14:12:37.047620,13,723.0,323.0
2022-11-18 14:12:37.057393,13,730.0,317.0
2022-11-18 14:12:37.067692,13,736.0,311.0
2022-11-18 14:12:37.077896,13,742.0,305.0
2022-11-18 14:12:37.088629,13,749.0,297.0
2022-11-18 14:12:37.098638,13,755.0,291.0
2022-11-18 14:12:37.108003,13,761.0,284.0
2022-11-18 14:12:37.118362,13,767.0,277.0
2022-11-18 14:12:37.129355,13,772.0,270.0
2022-11-18 14:12:37.138912,13,777.0,264.0
2022-11-18 14:12:37.148644,13,782.0,259.0
2022-11-18 14:12:37.158362,13,786.0,255.0
2022-11-18 14:12:37.168810,13,790.0,250.0
2022-11-18 14:12:37.178407,13,792.0,246.0
2022-11-18 14:12:37.188166,13,795.0,241.0
2022-11-18 14:12:37.198378,13,798.0,236.0
2022-11-18 14:12:37.209753,13,801.0,232.0
2022-11-18 14:12:37.218115,13,804.0,227.0
2022-11-18 14:12:37.228294,13,807.0,223.0
2022-11-18 14:12:37.238644,13,808.0,220.0
2022-11-18 14:12:37.248750,13,812.0,215.0
2022-11-18 14:12:37.257793,13,813.0,212.0
2022-11-18 14:12:37.268083,13,815.0,208.0
2022-11-18 14:12:37.278683,13,816.0,205.0
2022-11-18 14:12:37.288751,13,818.0,199.0
2022-11-18 14:12:37.299459,13,820.0,196.0
2022-11-18 14:12:37.308861,13,821.0,193.0
2022-11-18 14:12:37.317889,13,822.0,191.0
2022-11-18 14:12:37.328275,13,824.0,188.0
2022-11-18 14:12:37.339704,13,826.0,185.0
2022-11-18 14:12:37.347944,13,829.0,180.0
2022-11-18 14:12:37.358200,13,830.0,177.0
2022-11-18 14:12:37.368199,13,833.0,173.0
2022-11-18 14:12:37.379811,13,834.0,171.0
2022-11-18 14:12:37.387881,13,836.0,167.0
2022-11-18 14:12:37.397909,13,837.0,166.0
2022-11-18 14:12:37.407928,13,840.0,164.0
2022-11-18 14:12:37.418033,13,842.0,162.0
2022-11-18 14:12:37.428801,13,843.0,160.0
2022-11-18 14:12:37.439178,13,846.0,159.0
2022-11-18 14:12:37.449178,13,849.0,156.0
2022-11-18 14:12:37.458970,13,851.0,156.0
2022-11-18 14:12:37.469855,13,853.0,154.0
2022-11-18 14:12:37.479427,13,855.0,153.0
2022-11-18 14:12:37.488652,13,859.0,151.0
2022-11-18 14:12:37.498909,13,862.0,150.0
2022-11-18 14:12:37.510949,13,865.0,149.0
2022-11-18 14:12:37.519284,13,868.0,149.0
2022-11-18 14:12:37.529566,13,871.0,146.0
2022-11-18 14:12:37.539948,13,875.0,146.0
2022-11-18 14:12:37.549979,13,876.0,145.0
2022-11-18 14:12:37.559521,13,881.0,144.0
2022-11-18 14:12:37.568867,13,882.0,144.0
2022-11-18 14:12:37.579838,13,886.0,143.0
2022-11-18 14:12:37.589094,13,888.0,143.0
2022-11-18 14:12:37.600388,13,890.0,142.0
2022-11-18 14:12:37.610603,13,892.0,141.0
2022-11-18 14:12:37.620352,13,894.0,140.0
2022-11-18 14:12:37.630592,13,897.0,140.0
2022-11-18 14:12:37.641627,13,902.0,139.0
2022-11-18 14:12:37.650644,13,904.0,139.0
2022-11-18 14:12:37.659942,13,908.0,137.0
2022-11-18 14:12:37.670499,13,914.0,136.0
2022-11-18 14:12:37.680799,13,920.0,133.0
2022-11-18 14:12:37.690000,13,926.0,132.0
2022-11-18 14:12:37.700179,13,932.0,131.0
2022-11-18 14:12:37.711481,13,937.0,131.0
2022-11-18 14:12:37.720875,13,944.0,129.0
2022-11-18 14:12:37.730343,13,950.0,128.0
2022-11-18 14:12:37.740372,13,957.0,127.0
2022-11-18 14:12:37.750711,13,959.0,125.0
2022-11-18 14:12:37.760057,13,964.0,125.0
2022-11-18 14:12:37.770055,13,969.0,125.0
2022-11-18 14:12:37.780399,13,976.0,124.0
2022-11-18 14:12:37.789749,13,981.0,123.0
2022-11-18 14:12:37.800549,13,989.0,123.0
2022-11-18 14:12:37.811494,13,996.0,121.0
2022-11-18 14:12:37.820176,13,1004.0,121.0
2022-11-18 14:12:37.830437,13,1010.0,120.0
2022-11-18 14:12:37.840624,13,1018.0,120.0
2022-11-18 14:12:37.851135,13,1026.0,120.0
2022-11-18 14:12:37.860436,13,1034.0,120.0
2022-11-18 14:12:37.870599,13,1041.0,120.0
2022-11-18 14:12:37.880108,13,1048.0,120.0
2022-11-18 14:12:37.889745,13,1055.0,120.0
2022-11-18 14:12:37.900756,13,1061.0,120.0
2022-11-18 14:12:37.910133,13,1067.0,120.0
2022-11-18 14:12:37.920348,13,1073.0,120.0
2022-11-18 14:12:37.930580,13,1080.0,120.0
2022-11-18 14:12:37.941917,13,1086.0,120.0
2022-11-18 14:12:37.951297,13,1094.0,120.0
2022-11-18 14:12:37.961347,13,1100.0,120.0
2022-11-18 14:12:37.971527,13,1108.0,120.0
2022-11-18 14:12:37.982741,13,1116.0,121.0
2022-11-18 14:12:37.991613,13,1125.0,123.0
2022-11-18 14:12:38.001665,13,1133.0,125.0
2022-11-18 14:12:38.011142,13,1141.0,125.0
2022-11-18 14:12:38.022570,13,1151.0,127.0
2022-11-18 14:12:38.031607,13,1160.0,130.0
2022-11-18 14:12:38.041315,13,1171.0,134.0
2022-11-18 14:12:38.051333,13,1181.0,136.0
2022-11-18 14:12:38.062588,13,1192.0,139.0
2022-11-18 14:12:38.071770,13,1205.0,143.0
2022-11-18 14:12:38.081368,13,1215.0,145.0
2022-11-18 14:12:38.091436,13,1224.0,149.0
2022-11-18 14:12:38.101538,13,1234.0,153.0
2022-11-18 14:12:38.111757,13,1247.0,158.0
2022-11-18 14:12:38.121950,13,1257.0,162.0
2022-11-18 14:12:38.132573,13,1266.0,167.0
2022-11-18 14:12:38.142230,13,1277.0,172.0
2022-11-18 14:12:38.153323,13,1286.0,178.0
2022-11-18 14:12:38.162325,13,1294.0,183.0
2022-11-18 14:12:38.172714,13,1302.0,189.0
2022-11-18 14:12:38.182033,13,1310.0,195.0
2022-11-18 14:12:38.193062,13,1323.0,205.0
2022-11-18 14:12:38.202295,13,1334.0,213.0
2022-11-18 14:12:38.211733,13,1342.0,218.0
2022-11-18 14:12:38.221739,13,1353.0,227.0
2022-11-18 14:12:38.234005,13,1364.0,234.0
2022-11-18 14:12:38.242329,13,1379.0,246.0
2022-11-18 14:12:38.252330,13,1391.0,254.0
2022-11-18 14:12:38.262640,13,1404.0,263.0
2022-11-18 14:12:38.272654,13,1417.0,272.0
2022-11-18 14:12:38.282021,13,1427.0,277.0
2022-11-18 14:12:38.292053,13,1436.0,282.0
2022-11-18 14:12:38.302618,13,1445.0,287.0
2022-11-18 14:12:38.312172,13,1454.0,292.0
2022-11-18 14:12:38.323407,13,1464.0,296.0
2022-11-18 14:12:38.332120,13,1473.0,302.0
2022-11-18 14:12:38.342391,13,1480.0,305.0
2022-11-18 14:12:38.352423,13,1489.0,308.0
2022-11-18 14:12:38.363724,13,1498.0,309.0
2022-11-18 14:12:38.372163,13,1508.0,312.0
2022-11-18 14:12:38.382187,13,1515.0,314.0
2022-11-18 14:12:38.392608,13,1525.0,315.0
2022-11-18 14:12:38.403798,13,1535.0,316.0
2022-11-18 14:12:38.412795,13,1543.0,317.0
2022-11-18 14:12:38.422138,13,1553.0,317.0
2022-11-18 14:12:38.433500,13,1564.0,317.0
2022-11-18 14:12:38.442017,13,1576.0,317.0
2022-11-18 14:12:38.452980,13,1588.0,317.0
2022-11-18 14:12:38.463606,13,1601.0,317.0
2022-11-18 14:12:38.473463,13,1610.0,317.0
2022-11-18 14:12:38.482715,13,1619.0,317.0
2022-11-18 14:12:38.494212,13,1626.0,316.0
2022-11-18 14:12:38.503373,13,1632.0,316.0
2022-11-18 14:12:38.512807,13,1637.0,315.0
2022-11-18 14:12:38.523417,13,1642.0,314.0
2022-11-18 14:12:38.534799,13,1644.0,312.0
2022-11-18 14:12:38.543177,13,1647.0,311.0
2022-11-18 14:12:38.553553,13,1649.0,311.0
2022-11-18 14:12:38.563888,13,1650.0,311.0
2022-11-18 14:12:38.574510,13,1652.0,310.0
2022-11-18 14:12:38.583550,13,1654.0,309.0
2022-11-18 14:12:38.593310,13,1656.0,309.0
2022-11-18 14:12:38.603712,13,1658.0,309.0
2022-11-18 14:12:38.613754,13,1661.0,309.0
2022-11-18 14:12:38.624165,13,1667.0,308.0
2022-11-18 14:12:38.634393,13,1671.0,308.0
2022-11-18 14:12:38.644166,13,1675.0,306.0
2022-11-18 14:12:38.654655,13,1677.0,306.0
2022-11-18 14:12:38.665047,13,1678.0,306.0
2022-11-18 14:12:38.674054,13,1679.0,306.0
2022-11-18 14:12:38.694498,13,1680.0,306.0
2022-11-18 14:12:38.705539,13,1681.0,306.0
2022-11-18 14:12:38.714271,13,1684.0,305.0
2022-11-18 14:12:38.724687,13,1688.0,305.0
2022-11-18 14:12:40.361691,14,101.0,101.0
2022-11-18 14:12:40.370939,14,102.0,101.0
2022-11-18 14:12:40.380429,14,103.0,104.0
2022-11-18 14:12:40.390100,14,104.0,109.0
2022-11-18 14:12:40.400379,14,107.0,118.0
2022-11-18 14:12:40.411347,14,110.0,128.0
2022-11-18 14:12:40.420538,14,113.0,138.0
2022-11-18 14:12:40.429810,14,117.0,148.0
2022-11-18 14:12:40.440811,14,124.0,165.0
2022-11-18 14:12:40.451166,14,136.0,189.0
2022-11-18 14:12:40.460305,14,149.0,210.0
2022-11-18 14:12:40.470349,14,163.0,226.0
2022-11-18 14:12:40.480111,14,180.0,245.0
2022-11-18 14:12:40.491142,14,197.0,261.0
2022-11-18 14:12:40.501423,14,213.0,277.0
2022-11-18 14:12:40.511677,14,227.0,288.0
2022-11-18 14:12:40.521007,14,239.0,299.0
2022-11-18 14:12:40.532276,14,248.0,307.0
2022-11-18 14:12:40.542550,14,257.0,314.0
2022-11-18 14:12:40.550977,14,264.0,321.0
2022-11-18 14:12:40.561328,14,271.0,329.0
2022-11-18 14:12:40.571557,14,281.0,337.0
2022-11-18 14:12:40.581905,14,295.0,347.0
2022-11-18 14:12:40.591221,14,309.0,353.0
2022-11-18 14:12:40.601220,14,319.0,357.0
2022-11-18 14:12:40.610961,14,330.0,361.0
2022-11-18 14:12:40.622435,14,345.0,365.0
2022-11-18 14:12:40.631534,14,358.0,368.0
2022-11-18 14:12:40.641010,14,369.0,372.0
2022-11-18 14:12:40.651395,14,383.0,376.0
2022-11-18 14:12:40.661730,14,395.0,378.0
2022-11-18 14:12:40.672612,14,408.0,381.0
2022-11-18 14:12:40.681999,14,419.0,382.0
2022-11-18 14:12:40.692488,14,430.0,382.0
2022-11-18 14:12:40.703607,14,444.0,385.0
2022-11-18 14:12:40.713311,14,458.0,386.0
2022-11-18 14:12:40.722542,14,477.0,391.0
2022-11-18 14:12:40.732578,14,491.0,393.0
2022-11-18 14:12:40.742938,14,513.0,400.0
2022-11-18 14:12:40.752965,14,539.0,407.0
2022-11-18 14:12:40.761965,14,561.0,413.0
2022-11-18 14:12:40.772512,14,579.0,419.0
2022-11-18 14:12:40.781750,14,607.0,426.0
2022-11-18 14:12:40.792787,14,631.0,435.0
2022-11-18 14:12:40.801934,14,656.0,446.0
2022-11-18 14:12:40.812618,14,675.0,455.0
2022-11-18 14:12:40.821855,14,695.0,464.0
2022-11-18 14:12:40.833607,14,715.0,472.0
2022-11-18 14:12:40.842419,14,739.0,484.0
2022-11-18 14:12:40.851916,14,754.0,490.0
2022-11-18 14:12:40.861925,14,771.0,496.0
2022-11-18 14:12:40.873468,14,786.0,507.0
2022-11-18 14:12:40.883685,14,795.0,512.0
2022-11-18 14:12:40.891911,14,803.0,517.0
2022-11-18 14:12:40.902460,14,809.0,521.0
2022-11-18 14:12:40.913712,14,816.0,527.0
2022-11-18 14:12:40.923416,14,822.0,533.0
2022-11-18 14:12:40.932649,14,827.0,538.0
2022-11-18 14:12:40.942660,14,833.0,544.0
2022-11-18 14:12:40.952486,14,837.0,549.0
2022-11-18 14:12:40.963293,14,841.0,555.0
2022-11-18 14:12:40.972564,14,845.0,561.0
2022-11-18 14:12:40.981642,14,848.0,565.0
2022-11-18 14:12:40.991645,14,852.0,570.0
2022-11-18 14:12:41.002935,14,855.0,575.0
2022-11-18 14:12:41.012969,14,858.0,579.0
2022-11-18 14:12:41.023037,14,860.0,584.0
2022-11-18 14:12:41.033296,14,863.0,588.0
2022-11-18 14:12:41.044697,14,865.0,591.0
2022-11-18 14:12:41.053924,14,867.0,593.0
2022-11-18 14:12:41.063183,14,868.0,596.0
2022-11-18 14:12:41.073193,14,869.0,598.0
2022-11-18 14:12:41.084449,14,869.0,599.0
2022-11-18 14:12:41.094617,14,870.0,602.0
2022-11-18 14:12:41.103396,14,871.0,605.0
2022-11-18 14:12:41.113444,14,874.0,610.0
2022-11-18 14:12:41.123434,14,875.0,614.0
2022-11-18 14:12:41.134702,14,877.0,618.0
2022-11-18 14:12:41.143619,14,879.0,623.0
2022-11-18 14:12:41.153462,14,881.0,627.0
2022-11-18 14:12:41.163472,14,883.0,631.0
2022-11-18 14:12:41.174831,14,886.0,635.0
2022-11-18 14:12:41.184069,14,887.0,639.0
2022-11-18 14:12:41.194406,14,889.0,643.0
2022-11-18 14:12:41.204763,14,891.0,647.0
2022-11-18 14:12:41.216629,14,893.0,652.0
2022-11-18 14:12:41.226098,14,895.0,656.0
2022-11-18 14:12:41.234306,14,898.0,661.0
2022-11-18 14:12:41.244118,14,900.0,664.0
2022-11-18 14:12:41.255182,14,901.0,667.0
2022-11-18 14:12:41.265499,14,904.0,670.0
2022-11-18 14:12:41.274798,14,905.0,671.0
2022-11-18 14:12:41.284109,14,905.0,672.0
2022-11-18 14:12:41.295150,14,907.0,674.0
2022-11-18 14:12:41.305481,14,910.0,676.0
2022-11-18 14:12:41.314472,14,911.0,677.0
2022-11-18 14:12:41.324750,14,913.0,678.0
2022-11-18 14:12:41.334327,14,914.0,679.0
2022-11-18 14:12:41.345102,14,917.0,680.0
2022-11-18 14:12:41.354385,14,918.0,680.0
2022-11-18 14:12:41.364692,14,919.0,680.0
2022-11-18 14:12:41.374542,14,921.0,681.0
2022-11-18 14:12:41.384680,14,923.0,681.0
2022-11-18 14:12:41.395471,14,925.0,681.0
2022-11-18 14:12:41.403851,14,928.0,681.0
2022-11-18 14:12:41.414531,14,930.0,681.0
2022-11-18 14:12:41.425281,14,933.0,681.0
2022-11-18 14:12:41.435631,14,935.0,681.0
2022-11-18 14:12:41.443626,14,938.0,681.0
2022-11-18 14:12:41.453823,14,941.0,681.0
2022-11-18 14:12:41.464207,14,944.0,680.0
2022-11-18 14:12:41.475073,14,949.0,680.0
2022-11-18 14:12:41.484193,14,952.0,679.0
2022-11-18 14:12:41.494614,14,956.0,678.0
2022-11-18 14:12:41.504353,14,961.0,678.0
2022-11-18 14:12:41.515077,14,964.0,678.0
2022-11-18 14:12:41.525354,14,968.0,678.0
2022-11-18 14:12:41.535584,14,970.0,677.0
2022-11-18 14:12:41.544937,14,972.0,676.0
2022-11-18 14:12:41.556554,14,974.0,675.0
2022-11-18 14:12:41.566569,14,975.0,675.0
2022-11-18 14:12:41.575571,14,978.0,675.0
2022-11-18 14:12:41.585431,14,981.0,675.0
2022-11-18 14:12:41.596561,14,984.0,674.0
2022-11-18 14:12:41.606559,14,988.0,674.0
2022-11-18 14:12:41.614926,14,993.0,672.0
2022-11-18 14:12:41.625253,14,996.0,672.0
2022-11-18 14:12:41.636418,14,1001.0,671.0
2022-11-18 14:12:41.645830,14,1003.0,670.0
2022-11-18 14:12:41.655162,14,1004.0,669.0
2022-11-18 14:12:41.665168,14,1005.0,668.0
2022-11-18 14:12:41.675682,14,1007.0,666.0
2022-11-18 14:12:41.685974,14,1009.0,664.0
2022-11-18 14:12:41.696065,14,1010.0,659.0
2022-11-18 14:12:41.705879,14,1013.0,656.0
2022-11-18 14:12:41.716686,14,1017.0,649.0
2022-11-18 14:12:41.727756,14,1022.0,641.0
2022-11-18 14:12:41.737097,14,1025.0,633.0
2022-11-18 14:12:41.746334,14,1030.0,622.0
2022-11-18 14:12:41.756476,14,1034.0,608.0
2022-11-18 14:12:41.767468,14,1041.0,594.0
2022-11-18 14:12:41.777019,14,1045.0,577.0
2022-11-18 14:12:41.786048,14,1049.0,560.0
2022-11-18 14:12:41.796126,14,1053.0,547.0
2022-11-18 14:12:41.806982,14,1056.0,530.0
2022-11-18 14:12:41.817013,14,1058.0,513.0
2022-11-18 14:12:41.826117,14,1059.0,497.0
2022-11-18 14:12:41.836524,14,1062.0,487.0
2022-11-18 14:12:41.845960,14,1064.0,473.0
2022-11-18 14:12:41.857186,14,1067.0,460.0
2022-11-18 14:12:41.866322,14,1068.0,449.0
2022-11-18 14:12:41.875832,14,1070.0,438.0
2022-11-18 14:12:41.886355,14,1071.0,428.0
2022-11-18 14:12:41.897582,14,1072.0,419.0
2022-11-18 14:12:41.906941,14,1073.0,409.0
2022-11-18 14:12:41.916461,14,1075.0,399.0
2022-11-18 14:12:41.926498,14,1077.0,391.0
2022-11-18 14:12:41.937192,14,1078.0,382.0
2022-11-18 14:12:41.947189,14,1079.0,371.0
2022-11-18 14:12:41.956190,14,1080.0,363.0
2022-11-18 14:12:41.966582,14,1081.0,355.0
2022-11-18 14:12:41.977593,14,1082.0,345.0
2022-11-18 14:12:41.987301,14,1082.0,336.0
2022-11-18 14:12:41.996681,14,1082.0,327.0
2022-11-18 14:12:42.005721,14,1082.0,319.0
2022-11-18 14:12:42.016124,14,1082.0,310.0
2022-11-18 14:12:42.027508,14,1082.0,303.0
2022-11-18 14:12:42.036948,14,1082.0,294.0
2022-11-18 14:12:42.046987,14,1082.0,287.0
2022-11-18 14:12:42.057212,14,1082.0,282.0
2022-11-18 14:12:42.068647,14,1082.0,274.0
2022-11-18 14:12:42.077654,14,1082.0,269.0
2022-11-18 14:12:42.086916,14,1082.0,263.0
2022-11-18 14:12:42.096912,14,1082.0,258.0
2022-11-18 14:12:42.107917,14,1082.0,252.0
2022-11-18 14:12:42.117953,14,1085.0,243.0
2022-11-18 14:12:42.127980,14,1085.0,234.0
2022-11-18 14:12:42.138135,14,1086.0,227.0
2022-11-18 14:12:42.149181,14,1086.0,218.0
2022-11-18 14:12:42.158782,14,1086.0,210.0
2022-11-18 14:12:42.167076,14,1086.0,201.0
2022-11-18 14:12:42.177104,14,1086.0,196.0
2022-11-18 14:12:42.188353,14,1086.0,191.0
2022-11-18 14:12:42.198760,14,1086.0,186.0
2022-11-18 14:12:42.208454,14,1086.0,183.0
2022-11-18 14:12:42.218810,14,1086.0,181.0
2022-11-18 14:12:42.228803,14,1086.0,179.0
2022-11-18 14:12:42.238808,14,1086.0,177.0
2022-11-18 14:12:42.329169,14,1087.0,176.0
2022-11-18 14:12:42.449718,14,1088.0,176.0
2022-11-18 14:12:42.459469,14,1089.0,180.0
2022-11-18 14:12:42.468248,14,1090.0,182.0
2022-11-18 14:12:42.478738,14,1090.0,184.0
2022-11-18 14:12:42.488940,14,1091.0,187.0
2022-11-18 14:12:42.498623,14,1091.0,188.0
2022-11-18 14:12:42.507877,14,1092.0,190.0
2022-11-18 14:12:42.518241,14,1093.0,191.0
2022-11-18 14:12:43.924900,15,499.0,904.0
2022-11-18 14:12:43.933914,15,500.0,903.0
2022-11-18 14:12:43.945404,15,500.0,898.0
2022-11-18 14:12:43.955171,15,500.0,894.0
2022-11-18 14:12:43.964432,15,500.0,884.0
2022-11-18 14:12:43.974468,15,500.0,871.0
2022-11-18 14:12:43.984341,15,500.0,843.0
2022-11-18 14:12:43.994677,15,498.0,818.0
2022-11-18 14:12:44.004904,15,492.0,791.0
2022-11-18 14:12:44.013818,15,490.0,764.0
2022-11-18 14:12:44.023978,15,486.0,739.0
2022-11-18 14:12:44.035171,15,483.0,710.0
2022-11-18 14:12:44.044297,15,481.0,689.0
2022-11-18 14:12:44.054340,15,481.0,676.0
2022-11-18 14:12:44.064702,15,479.0,660.0
2022-11-18 14:12:44.075613,15,479.0,647.0
2022-11-18 14:12:44.084918,15,479.0,637.0
2022-11-18 14:12:44.095302,15,479.0,628.0
2022-11-18 14:12:44.105406,15,479.0,620.0
2022-11-18 14:12:44.116422,15,479.0,612.0
2022-11-18 14:12:44.125877,15,479.0,604.0
2022-11-18 14:12:44.135336,15,479.0,597.0
2022-11-18 14:12:44.145315,15,480.0,589.0
2022-11-18 14:12:44.156277,15,482.0,579.0
2022-11-18 14:12:44.166274,15,485.0,570.0
2022-11-18 14:12:44.175541,15,488.0,561.0
2022-11-18 14:12:44.185664,15,491.0,553.0
2022-11-18 14:12:44.194979,15,494.0,547.0
2022-11-18 14:12:44.207065,15,498.0,540.0
2022-11-18 14:12:44.215761,15,501.0,537.0
2022-11-18 14:12:44.225045,15,506.0,531.0
2022-11-18 14:12:44.235348,15,510.0,527.0
2022-11-18 14:12:44.246624,15,514.0,523.0
2022-11-18 14:12:44.256341,15,522.0,517.0
2022-11-18 14:12:44.266384,15,530.0,512.0
2022-11-18 14:12:44.276088,15,539.0,506.0
2022-11-18 14:12:44.287565,15,549.0,501.0
2022-11-18 14:12:44.297571,15,558.0,498.0
2022-11-18 14:12:44.306573,15,568.0,493.0
2022-11-18 14:12:44.316444,15,581.0,488.0
2022-11-18 14:12:44.326964,15,593.0,482.0
2022-11-18 14:12:44.337313,15,608.0,474.0
2022-11-18 14:12:44.346640,15,623.0,465.0
2022-11-18 14:12:44.355676,15,634.0,460.0
2022-11-18 14:12:44.366678,15,653.0,451.0
2022-11-18 14:12:44.377450,15,674.0,442.0
2022-11-18 14:12:44.386452,15,687.0,437.0
2022-11-18 14:12:44.396701,15,701.0,432.0
2022-11-18 14:12:44.406702,15,716.0,429.0
2022-11-18 14:12:44.416813,15,731.0,424.0
2022-11-18 14:12:44.426461,15,745.0,420.0
2022-11-18 14:12:44.436080,15,755.0,418.0
2022-11-18 14:12:44.445781,15,765.0,414.0
2022-11-18 14:12:44.457073,15,776.0,411.0
2022-11-18 14:12:44.467554,15,787.0,409.0
2022-11-18 14:12:44.476692,15,795.0,406.0
2022-11-18 14:12:44.485736,15,801.0,404.0
2022-11-18 14:12:44.497706,15,811.0,403.0
2022-11-18 14:12:44.507492,15,817.0,402.0
2022-11-18 14:12:44.516256,15,825.0,402.0
2022-11-18 14:12:44.526296,15,832.0,401.0
2022-11-18 14:12:44.535885,15,838.0,399.0
2022-11-18 14:12:44.547514,15,844.0,399.0
2022-11-18 14:12:44.556552,15,848.0,398.0
2022-11-18 14:12:44.566553,15,852.0,398.0
2022-11-18 14:12:44.576574,15,857.0,397.0
2022-11-18 14:12:44.586910,15,860.0,397.0
2022-11-18 14:12:44.597022,15,866.0,397.0
2022-11-18 14:12:44.607360,15,871.0,397.0
2022-11-18 14:12:44.617352,15,876.0,397.0
2022-11-18 14:12:44.627755,15,883.0,397.0
2022-11-18 14:12:44.638958,15,887.0,397.0
2022-11-18 14:12:44.646986,15,893.0,397.0
2022-11-18 14:12:44.656997,15,898.0,397.0
2022-11-18 14:12:44.668636,15,902.0,397.0
2022-11-18 14:12:44.678271,15,905.0,397.0
2022-11-18 14:12:44.687289,15,910.0,397.0
2022-11-18 14:12:44.697653,15,915.0,397.0
2022-11-18 14:12:44.707647,15,918.0,397.0
2022-11-18 14:12:44.717652,15,920.0,397.0
2022-11-18 14:12:44.727199,15,923.0,397.0
2022-11-18 14:12:44.737866,15,926.0,397.0
2022-11-18 14:12:44.746907,15,927.0,397.0
2022-11-18 14:12:44.758646,15,930.0,397.0
2022-11-18 14:12:44.768680,15,933.0,399.0
2022-11-18 14:12:44.777907,15,936.0,399.0
2022-11-18 14:12:44.788041,15,941.0,400.0
2022-11-18 14:12:44.799322,15,944.0,402.0
2022-11-18 14:12:44.809311,15,948.0,403.0
2022-11-18 14:12:44.818598,15,950.0,403.0
2022-11-18 14:12:44.827854,15,952.0,403.0
2022-11-18 14:12:44.839617,15,955.0,404.0
2022-11-18 14:12:44.849486,15,959.0,405.0
2022-11-18 14:12:44.858039,15,961.0,405.0
2022-11-18 14:12:44.868736,15,964.0,405.0
2022-11-18 14:12:44.878633,15,968.0,407.0
2022-11-18 14:12:44.889487,15,974.0,408.0
2022-11-18 14:12:44.898234,15,981.0,410.0
2022-11-18 14:12:44.907971,15,985.0,412.0
2022-11-18 14:12:44.918137,15,991.0,414.0
2022-11-18 14:12:44.929339,15,993.0,415.0
2022-11-18 14:12:44.938341,15,999.0,417.0
2022-11-18 14:12:44.948634,15,1002.0,418.0
2022-11-18 14:12:44.957917,15,1006.0,421.0
2022-11-18 14:12:44.969594,15,1012.0,425.0
2022-11-18 14:12:44.979541,15,1016.0,427.0
2022-11-18 14:12:44.988812,15,1023.0,432.0
2022-11-18 14:12:44.998455,15,1029.0,438.0
2022-11-18 14:12:45.009362,15,1037.0,444.0
2022-11-18 14:12:45.019645,15,1044.0,451.0
2022-11-18 14:12:45.027911,15,1051.0,459.0
2022-11-18 14:12:45.037973,15,1060.0,470.0
2022-11-18 14:12:45.047954,15,1069.0,483.0
2022-11-18 14:12:45.059787,15,1083.0,503.0
2022-11-18 14:12:45.068788,15,1098.0,525.0
2022-11-18 14:12:45.078151,15,1108.0,540.0
2022-11-18 14:12:45.088496,15,1125.0,564.0
2022-11-18 14:12:45.099366,15,1132.0,578.0
2022-11-18 14:12:45.109027,15,1144.0,596.0
2022-11-18 14:12:45.119257,15,1151.0,608.0
2022-11-18 14:12:45.129956,15,1158.0,624.0
2022-11-18 14:12:45.139987,15,1162.0,634.0
2022-11-18 14:12:45.150316,15,1168.0,649.0
2022-11-18 14:12:45.159645,15,1175.0,667.0
2022-11-18 14:12:45.169588,15,1179.0,678.0
2022-11-18 14:12:45.180472,15,1186.0,694.0
2022-11-18 14:12:45.190720,15,1192.0,709.0
2022-11-18 14:12:45.199719,15,1195.0,718.0
2022-11-18 14:12:45.208941,15,1196.0,726.0
2022-11-18 14:12:45.219405,15,1198.0,734.0
2022-11-18 14:12:45.230619,15,1201.0,740.0
2022-11-18 14:12:45.238993,15,1203.0,749.0
2022-11-18 14:12:45.249214,15,1205.0,756.0
2022-11-18 14:12:45.259611,15,1207.0,761.0
2022-11-18 14:12:45.270184,15,1208.0,767.0
2022-11-18 14:12:45.280544,15,1210.0,772.0
2022-11-18 14:12:45.289884,15,1210.0,773.0
2022-11-18 14:12:45.300856,15,1210.0,776.0
2022-11-18 14:12:45.311193,15,1212.0,778.0
2022-11-18 14:12:45.321630,15,1212.0,779.0
2022-11-18 14:12:45.330809,15,1212.0,780.0
2022-11-18 14:12:45.340651,15,1212.0,781.0
2022-11-18 14:12:45.360974,15,1212.0,783.0
2022-11-18 14:12:45.369949,15,1213.0,784.0
2022-11-18 14:12:45.380267,15,1213.0,786.0
2022-11-18 14:12:45.390311,15,1213.0,787.0
2022-11-18 14:12:45.401563,15,1213.0,789.0
2022-11-18 14:12:45.410357,15,1215.0,792.0
2022-11-18 14:12:45.419939,15,1215.0,793.0
2022-11-18 14:12:45.430912,15,1216.0,796.0
2022-11-18 14:12:45.441627,15,1218.0,800.0
2022-11-18 14:12:45.449909,15,1219.0,806.0
2022-11-18 14:12:45.460585,15,1221.0,810.0
2022-11-18 14:12:45.469854,15,1224.0,815.0
2022-11-18 14:12:45.480973,15,1228.0,821.0
2022-11-18 14:12:45.491191,15,1231.0,827.0
2022-11-18 14:12:45.499822,15,1235.0,833.0
2022-11-18 14:12:45.510560,15,1239.0,840.0
2022-11-18 14:12:45.521279,15,1241.0,845.0
2022-11-18 14:12:45.531498,15,1245.0,851.0
2022-11-18 14:12:45.539714,15,1248.0,856.0
2022-11-18 14:12:45.549844,15,1249.0,860.0
2022-11-18 14:12:45.560438,15,1252.0,864.0
2022-11-18 14:12:45.571194,15,1255.0,868.0
2022-11-18 14:12:45.580453,15,1257.0,872.0
2022-11-18 14:12:45.590476,15,1258.0,875.0
2022-11-18 14:12:45.600491,15,1260.0,877.0
2022-11-18 14:12:45.611491,15,1261.0,878.0
2022-11-18 14:12:45.641250,15,1262.0,879.0
2022-11-18 14:12:45.662726,15,1262.0,880.0
2022-11-18 14:12:45.670842,15,1263.0,880.0
2022-11-18 14:12:45.681460,15,1264.0,881.0
2022-11-18 14:12:45.692749,15,1265.0,882.0
2022-11-18 14:12:45.701950,15,1267.0,884.0
2022-11-18 14:12:45.711007,15,1269.0,886.0
2022-11-18 14:12:45.721615,15,1270.0,887.0
2022-11-18 14:12:45.742190,15,1272.0,889.0
2022-11-18 14:12:45.751190,15,1273.0,889.0
2022-11-18 14:12:45.782131,15,1273.0,890.0
2022-11-18 14:12:45.792530,15,1276.0,892.0
2022-11-18 14:12:45.801698,15,1280.0,895.0
2022-11-18 14:12:45.811741,15,1282.0,897.0
2022-11-18 14:12:45.823225,15,1285.0,899.0
2022-11-18 14:12:45.842276,15,1288.0,901.0
