2022-12-16 15:01:31.894570,11,1800.0,900.0
2022-12-16 15:01:31.983453,11,1800.0,899.0
2022-12-16 15:01:31.993057,11,1799.0,898.0
2022-12-16 15:01:32.003098,11,1796.0,897.0
2022-12-16 15:01:32.014306,11,1795.0,896.0
2022-12-16 15:01:32.022787,11,1791.0,895.0
2022-12-16 15:01:32.032787,11,1789.0,893.0
2022-12-16 15:01:32.043161,11,1787.0,891.0
2022-12-16 15:01:32.053345,11,1784.0,888.0
2022-12-16 15:01:32.063199,11,1781.0,885.0
2022-12-16 15:01:32.073284,11,1778.0,882.0
2022-12-16 15:01:32.083283,11,1774.0,878.0
2022-12-16 15:01:32.093393,11,1769.0,873.0
2022-12-16 15:01:32.102641,11,1765.0,867.0
2022-12-16 15:01:32.114025,11,1762.0,862.0
2022-12-16 15:01:32.124122,11,1758.0,855.0
2022-12-16 15:01:32.134055,11,1753.0,847.0
2022-12-16 15:01:32.143829,11,1750.0,839.0
2022-12-16 15:01:32.153719,11,1745.0,832.0
2022-12-16 15:01:32.162736,11,1739.0,825.0
2022-12-16 15:01:32.172750,11,1735.0,817.0
2022-12-16 15:01:32.184262,11,1728.0,809.0
2022-12-16 15:01:32.192698,11,1722.0,801.0
2022-12-16 15:01:32.202750,11,1717.0,795.0
2022-12-16 15:01:32.212807,11,1711.0,789.0
2022-12-16 15:01:32.222782,11,1705.0,783.0
2022-12-16 15:01:32.232877,11,1700.0,778.0
2022-12-16 15:01:32.243251,11,1696.0,774.0
2022-12-16 15:01:32.253352,11,1691.0,769.0
2022-12-16 15:01:32.262366,11,1686.0,764.0
2022-12-16 15:01:32.273119,11,1682.0,761.0
2022-12-16 15:01:32.283131,11,1677.0,758.0
2022-12-16 15:01:32.293100,11,1674.0,756.0
2022-12-16 15:01:32.303098,11,1668.0,754.0
2022-12-16 15:01:32.314286,11,1666.0,753.0
2022-12-16 15:01:32.324317,11,1663.0,753.0
2022-12-16 15:01:32.334333,11,1661.0,752.0
2022-12-16 15:01:32.344410,11,1659.0,752.0
2022-12-16 15:01:32.355335,11,1657.0,752.0
2022-12-16 15:01:32.384549,11,1654.0,752.0
2022-12-16 15:01:32.625251,11,1653.0,752.0
2022-12-16 15:01:32.635285,11,1650.0,752.0
2022-12-16 15:01:32.645321,11,1649.0,752.0
2022-12-16 15:01:32.654286,11,1648.0,752.0
2022-12-16 15:01:32.665334,11,1646.0,752.0
2022-12-16 15:01:32.675410,11,1645.0,752.0
2022-12-16 15:01:32.685519,11,1642.0,752.0
2022-12-16 15:01:32.694517,11,1640.0,753.0
2022-12-16 15:01:32.705446,11,1636.0,753.0
2022-12-16 15:01:32.715324,11,1635.0,753.0
2022-12-16 15:01:32.725409,11,1632.0,754.0
2022-12-16 15:01:32.734911,11,1631.0,755.0
2022-12-16 15:01:32.743846,11,1629.0,755.0
2022-12-16 15:01:32.754915,11,1627.0,755.0
2022-12-16 15:01:32.764896,11,1625.0,755.0
2022-12-16 15:01:32.774557,11,1624.0,755.0
2022-12-16 15:01:32.784304,11,1622.0,756.0
2022-12-16 15:01:32.795311,11,1621.0,756.0
2022-12-16 15:01:32.805362,11,1620.0,756.0
2022-12-16 15:01:32.815307,11,1618.0,758.0
2022-12-16 15:01:32.824427,11,1617.0,758.0
2022-12-16 15:01:32.836399,11,1614.0,758.0
2022-12-16 15:01:32.846086,11,1612.0,758.0
2022-12-16 15:01:32.856046,11,1609.0,759.0
2022-12-16 15:01:32.866239,11,1606.0,759.0
2022-12-16 15:01:32.875802,11,1601.0,761.0
2022-12-16 15:01:32.886306,11,1599.0,761.0
2022-12-16 15:01:32.896106,11,1596.0,762.0
2022-12-16 15:01:32.906177,11,1592.0,762.0
2022-12-16 15:01:32.915358,11,1587.0,762.0
2022-12-16 15:01:32.926273,11,1582.0,762.0
2022-12-16 15:01:32.936277,11,1576.0,762.0
2022-12-16 15:01:32.946256,11,1570.0,762.0
2022-12-16 15:01:32.955423,11,1562.0,762.0
2022-12-16 15:01:32.966433,11,1557.0,762.0
2022-12-16 15:01:32.976196,11,1548.0,762.0
2022-12-16 15:01:32.985726,11,1541.0,762.0
2022-12-16 15:01:32.995756,11,1533.0,762.0
2022-12-16 15:01:33.006982,11,1524.0,763.0
2022-12-16 15:01:33.017163,11,1515.0,763.0
2022-12-16 15:01:33.026944,11,1507.0,763.0
2022-12-16 15:01:33.037019,11,1499.0,763.0
2022-12-16 15:01:33.047318,11,1492.0,764.0
2022-12-16 15:01:33.057291,11,1483.0,764.0
2022-12-16 15:01:33.066837,11,1475.0,765.0
2022-12-16 15:01:33.077031,11,1469.0,766.0
2022-12-16 15:01:33.086223,11,1460.0,768.0
2022-12-16 15:01:33.097337,11,1453.0,769.0
2022-12-16 15:01:33.107055,11,1443.0,770.0
2022-12-16 15:01:33.117051,11,1435.0,772.0
2022-12-16 15:01:33.126044,11,1427.0,772.0
2022-12-16 15:01:33.137043,11,1421.0,772.0
2022-12-16 15:01:33.147307,11,1414.0,772.0
2022-12-16 15:01:33.156872,11,1406.0,774.0
2022-12-16 15:01:33.166323,11,1399.0,774.0
2022-12-16 15:01:33.177341,11,1393.0,774.0
2022-12-16 15:01:33.186994,11,1388.0,774.0
2022-12-16 15:01:33.196995,11,1383.0,774.0
2022-12-16 15:01:33.207307,11,1377.0,774.0
2022-12-16 15:01:33.217350,11,1373.0,774.0
2022-12-16 15:01:33.227070,11,1370.0,774.0
2022-12-16 15:01:33.237340,11,1367.0,774.0
2022-12-16 15:01:33.247277,11,1365.0,774.0
2022-12-16 15:01:33.255315,11,1362.0,774.0
2022-12-16 15:01:33.277267,11,1361.0,774.0
2022-12-16 15:01:33.286984,11,1360.0,774.0
2022-12-16 15:01:33.296581,11,1359.0,774.0
2022-12-16 15:01:33.306652,11,1358.0,772.0
2022-12-16 15:01:33.316643,11,1356.0,771.0
2022-12-16 15:01:33.327375,11,1354.0,769.0
2022-12-16 15:01:33.337469,11,1352.0,766.0
2022-12-16 15:01:33.347945,11,1350.0,764.0
2022-12-16 15:01:33.357695,11,1347.0,761.0
2022-12-16 15:01:33.368123,11,1344.0,756.0
2022-12-16 15:01:33.377942,11,1341.0,752.0
2022-12-16 15:01:33.387935,11,1340.0,745.0
2022-12-16 15:01:33.397891,11,1338.0,740.0
2022-12-16 15:01:33.407915,11,1337.0,738.0
2022-12-16 15:01:33.417939,11,1335.0,732.0
2022-12-16 15:01:33.426781,11,1334.0,729.0
2022-12-16 15:01:33.438118,11,1332.0,725.0
2022-12-16 15:01:33.448094,11,1331.0,720.0
2022-12-16 15:01:33.458128,11,1329.0,717.0
2022-12-16 15:01:33.466784,11,1325.0,714.0
2022-12-16 15:01:33.478796,11,1322.0,709.0
2022-12-16 15:01:33.488362,11,1317.0,704.0
2022-12-16 15:01:33.497658,11,1311.0,698.0
2022-12-16 15:01:33.508627,11,1305.0,692.0
2022-12-16 15:01:33.518625,11,1298.0,685.0
2022-12-16 15:01:33.528904,11,1290.0,677.0
2022-12-16 15:01:33.538942,11,1280.0,667.0
2022-12-16 15:01:33.548942,11,1270.0,657.0
2022-12-16 15:01:33.558956,11,1262.0,649.0
2022-12-16 15:01:33.569292,11,1254.0,642.0
2022-12-16 15:01:33.579069,11,1243.0,634.0
2022-12-16 15:01:33.589069,11,1232.0,627.0
2022-12-16 15:01:33.598514,11,1221.0,622.0
2022-12-16 15:01:33.609515,11,1213.0,616.0
2022-12-16 15:01:33.618670,11,1203.0,612.0
2022-12-16 15:01:33.628668,11,1195.0,609.0
2022-12-16 15:01:33.637656,11,1187.0,605.0
2022-12-16 15:01:33.648649,11,1184.0,604.0
2022-12-16 15:01:33.658533,11,1178.0,600.0
2022-12-16 15:01:33.668981,11,1174.0,600.0
2022-12-16 15:01:33.677754,11,1173.0,598.0
2022-12-16 15:01:33.688757,11,1171.0,598.0
2022-12-16 15:01:33.699023,11,1170.0,597.0
2022-12-16 15:01:33.708762,11,1169.0,597.0
2022-12-16 15:01:33.719160,11,1167.0,596.0
2022-12-16 15:01:33.728722,11,1166.0,594.0
2022-12-16 15:01:33.738763,11,1165.0,594.0
2022-12-16 15:01:33.749326,11,1163.0,593.0
2022-12-16 15:01:33.758794,11,1161.0,591.0
2022-12-16 15:01:33.767802,11,1159.0,589.0
2022-12-16 15:01:33.779297,11,1157.0,587.0
2022-12-16 15:01:33.789507,11,1153.0,583.0
2022-12-16 15:01:33.798536,11,1148.0,578.0
2022-12-16 15:01:33.808001,11,1145.0,575.0
2022-12-16 15:01:33.819002,11,1142.0,572.0
2022-12-16 15:01:33.830010,11,1139.0,568.0
2022-12-16 15:01:33.839018,11,1136.0,565.0
2022-12-16 15:01:33.848983,11,1134.0,562.0
2022-12-16 15:01:33.860021,11,1133.0,561.0
2022-12-16 15:01:33.870253,11,1132.0,560.0
2022-12-16 15:01:33.879967,11,1131.0,559.0
2022-12-16 15:01:33.899792,11,1130.0,558.0
2022-12-16 15:01:33.930329,11,1129.0,557.0
2022-12-16 15:01:33.970152,11,1128.0,556.0
2022-12-16 15:01:33.979262,11,1126.0,556.0
2022-12-16 15:01:33.990344,11,1124.0,554.0
2022-12-16 15:01:34.000351,11,1121.0,551.0
2022-12-16 15:01:34.009574,11,1118.0,550.0
2022-12-16 15:01:34.019575,11,1114.0,547.0
2022-12-16 15:01:34.031377,11,1109.0,545.0
2022-12-16 15:01:34.041312,11,1106.0,542.0
2022-12-16 15:01:34.051344,11,1100.0,538.0
2022-12-16 15:01:34.060371,11,1094.0,537.0
2022-12-16 15:01:34.070717,11,1089.0,533.0
2022-12-16 15:01:34.080771,11,1083.0,531.0
2022-12-16 15:01:34.090774,11,1080.0,529.0
2022-12-16 15:01:34.101188,11,1074.0,527.0
2022-12-16 15:01:34.110243,11,1071.0,527.0
2022-12-16 15:01:34.120695,11,1068.0,526.0
2022-12-16 15:01:34.130915,11,1065.0,525.0
2022-12-16 15:01:34.141033,11,1062.0,525.0
2022-12-16 15:01:34.150070,11,1060.0,525.0
2022-12-16 15:01:34.161017,11,1059.0,524.0
2022-12-16 15:01:34.171225,11,1056.0,524.0
2022-12-16 15:01:34.190253,11,1055.0,524.0
2022-12-16 15:01:34.221161,11,1054.0,524.0
2022-12-16 15:01:34.291220,11,1053.0,524.0
2022-12-16 15:01:34.311341,11,1053.0,523.0
2022-12-16 15:01:34.432231,11,1052.0,523.0
2022-12-16 15:01:34.452425,11,1051.0,523.0
2022-12-16 15:01:34.471648,11,1049.0,523.0
2022-12-16 15:01:34.481578,11,1048.0,523.0
2022-12-16 15:01:34.490651,11,1047.0,523.0
2022-12-16 15:01:34.502652,11,1046.0,523.0
2022-12-16 15:01:34.511689,11,1044.0,523.0
2022-12-16 15:01:34.521637,11,1041.0,523.0
2022-12-16 15:01:34.531658,11,1037.0,523.0
2022-12-16 15:01:34.542657,11,1035.0,523.0
2022-12-16 15:01:34.552569,11,1032.0,523.0
2022-12-16 15:01:34.563040,11,1030.0,523.0
2022-12-16 15:01:34.572798,11,1029.0,523.0
2022-12-16 15:01:34.593037,11,1028.0,523.0
2022-12-16 15:01:34.623037,11,1027.0,523.0
2022-12-16 15:01:34.642966,11,1026.0,523.0
2022-12-16 15:01:34.652976,11,1025.0,523.0
2022-12-16 15:01:34.673045,11,1024.0,523.0
2022-12-16 15:01:34.683254,11,1023.0,523.0
2022-12-16 15:01:34.692818,11,1022.0,523.0
2022-12-16 15:01:34.701864,11,1021.0,523.0
2022-12-16 15:01:34.712652,11,1020.0,523.0
2022-12-16 15:01:34.722722,11,1019.0,523.0
2022-12-16 15:01:34.732732,11,1017.0,523.0
2022-12-16 15:01:34.742576,11,1015.0,525.0
2022-12-16 15:01:34.753335,11,1014.0,525.0
2022-12-16 15:01:34.763281,11,1013.0,525.0
2022-12-16 15:01:34.813058,11,1012.0,525.0
2022-12-16 15:01:34.873169,11,1011.0,525.0
2022-12-16 15:01:34.894341,11,1010.0,525.0
2022-12-16 15:01:34.904440,11,1009.0,525.0
2022-12-16 15:01:34.913424,11,1008.0,525.0
2022-12-16 15:01:34.924057,11,1006.0,525.0
2022-12-16 15:01:34.934055,11,1005.0,525.0
2022-12-16 15:01:34.944032,11,1003.0,526.0
2022-12-16 15:01:34.954005,11,1000.0,526.0
2022-12-16 15:01:34.964045,11,996.0,528.0
2022-12-16 15:01:34.973481,11,994.0,528.0
2022-12-16 15:01:34.984481,11,991.0,528.0
2022-12-16 15:01:34.994353,11,989.0,530.0
2022-12-16 15:01:35.003316,11,986.0,530.0
2022-12-16 15:01:35.014356,11,985.0,530.0
2022-12-16 15:01:35.024336,11,983.0,530.0
2022-12-16 15:01:35.044680,11,981.0,530.0
2022-12-16 15:01:35.065052,11,980.0,530.0
2022-12-16 15:01:35.075288,11,979.0,530.0
2022-12-16 15:01:35.085368,11,978.0,530.0
2022-12-16 15:01:35.105504,11,977.0,530.0
2022-12-16 15:01:35.115131,11,975.0,530.0
2022-12-16 15:01:35.125269,11,974.0,530.0
2022-12-16 15:01:35.135421,11,973.0,530.0
2022-12-16 15:01:35.144708,11,971.0,530.0
2022-12-16 15:01:35.154719,11,968.0,531.0
2022-12-16 15:01:35.164436,11,965.0,531.0
2022-12-16 15:01:35.173426,11,964.0,531.0
2022-12-16 15:01:35.185439,11,960.0,531.0
2022-12-16 15:01:35.195550,11,957.0,531.0
2022-12-16 15:01:35.204619,11,955.0,532.0
2022-12-16 15:01:35.214590,11,951.0,532.0
2022-12-16 15:01:35.225077,11,949.0,533.0
2022-12-16 15:01:35.234914,11,946.0,534.0
2022-12-16 15:01:35.244917,11,943.0,535.0
2022-12-16 15:01:35.254938,11,940.0,536.0
2022-12-16 15:01:35.264983,11,937.0,538.0
2022-12-16 15:01:35.274995,11,935.0,539.0
2022-12-16 15:01:35.285015,11,931.0,542.0
2022-12-16 15:01:35.295239,11,927.0,543.0
2022-12-16 15:01:35.304623,11,924.0,545.0
2022-12-16 15:01:35.314621,11,920.0,546.0
2022-12-16 15:01:35.324899,11,917.0,548.0
2022-12-16 15:01:35.334662,11,914.0,549.0
2022-12-16 15:01:35.344406,11,912.0,550.0
2022-12-16 15:01:35.355193,11,910.0,552.0
2022-12-16 15:01:35.364963,11,907.0,553.0
2022-12-16 15:01:35.374967,11,904.0,553.0
2022-12-16 15:01:35.385119,11,902.0,555.0
2022-12-16 15:01:35.395940,11,899.0,556.0
2022-12-16 15:01:35.405952,11,896.0,558.0
2022-12-16 15:01:35.416301,11,894.0,559.0
2022-12-16 15:01:35.426622,11,891.0,561.0
2022-12-16 15:01:35.437055,11,888.0,564.0
2022-12-16 15:01:35.446741,11,885.0,567.0
2022-12-16 15:01:35.456627,11,882.0,569.0
2022-12-16 15:01:35.465966,11,878.0,573.0
2022-12-16 15:01:35.476007,11,876.0,575.0
2022-12-16 15:01:35.486223,11,873.0,578.0
2022-12-16 15:01:35.496059,11,870.0,580.0
2022-12-16 15:01:35.506389,11,866.0,584.0
2022-12-16 15:01:35.515553,11,861.0,589.0
2022-12-16 15:01:35.526301,11,858.0,592.0
2022-12-16 15:01:35.535760,11,852.0,596.0
2022-12-16 15:01:35.546324,11,848.0,599.0
2022-12-16 15:01:35.556315,11,845.0,602.0
2022-12-16 15:01:35.567239,11,841.0,605.0
2022-12-16 15:01:35.577276,11,837.0,609.0
2022-12-16 15:01:35.587291,11,834.0,612.0
2022-12-16 15:01:35.597133,11,830.0,615.0
2022-12-16 15:01:35.607148,11,827.0,618.0
2022-12-16 15:01:35.617241,11,825.0,620.0
2022-12-16 15:01:35.626925,11,822.0,623.0
2022-12-16 15:01:35.636957,11,819.0,625.0
2022-12-16 15:01:35.647176,11,817.0,627.0
2022-12-16 15:01:35.657289,11,815.0,629.0
2022-12-16 15:01:35.667061,11,813.0,631.0
2022-12-16 15:01:35.677055,11,812.0,632.0
2022-12-16 15:01:35.696788,11,810.0,634.0
2022-12-16 15:01:35.707241,11,809.0,635.0
2022-12-16 15:01:35.717351,11,808.0,637.0
2022-12-16 15:01:35.726234,11,807.0,638.0
2022-12-16 15:01:35.757192,11,805.0,639.0
2022-12-16 15:01:35.767194,11,804.0,640.0
2022-12-16 15:01:35.777445,11,804.0,643.0
2022-12-16 15:01:35.787379,11,804.0,644.0
2022-12-16 15:01:35.797410,11,803.0,645.0
2022-12-16 15:01:35.807252,11,803.0,647.0
2022-12-16 15:01:35.817052,11,803.0,648.0
2022-12-16 15:01:35.826603,11,803.0,650.0
2022-12-16 15:01:35.836643,11,803.0,652.0
2022-12-16 15:01:35.847649,11,805.0,654.0
2022-12-16 15:01:35.856149,11,805.0,656.0
2022-12-16 15:01:35.866687,11,806.0,658.0
2022-12-16 15:01:35.876974,11,809.0,661.0
2022-12-16 15:01:35.887293,11,812.0,667.0
2022-12-16 15:01:35.896778,11,813.0,670.0
2022-12-16 15:01:35.908219,11,814.0,672.0
2022-12-16 15:01:35.918200,11,816.0,679.0
2022-12-16 15:01:35.928763,11,819.0,683.0
2022-12-16 15:01:35.937562,11,820.0,685.0
2022-12-16 15:01:35.947645,11,821.0,688.0
2022-12-16 15:01:35.957634,11,822.0,689.0
2022-12-16 15:01:35.967555,11,822.0,690.0
2022-12-16 15:01:36.018242,11,822.0,691.0
2022-12-16 15:01:36.027800,11,822.0,692.0
2022-12-16 15:01:36.037800,11,822.0,693.0
2022-12-16 15:01:36.048140,11,822.0,694.0
2022-12-16 15:01:36.058002,11,822.0,696.0
2022-12-16 15:01:36.068246,11,822.0,697.0
2022-12-16 15:01:36.079309,11,821.0,699.0
2022-12-16 15:01:36.089018,11,820.0,703.0
2022-12-16 15:01:36.099054,11,819.0,704.0
2022-12-16 15:01:36.109457,11,818.0,707.0
2022-12-16 15:01:36.119500,11,817.0,708.0
2022-12-16 15:01:36.128502,11,814.0,711.0
2022-12-16 15:01:36.139545,11,814.0,713.0
2022-12-16 15:01:36.218665,11,813.0,714.0
2022-12-16 15:01:36.228481,11,812.0,714.0
2022-12-16 15:01:36.237533,11,811.0,714.0
2022-12-16 15:01:36.248554,11,810.0,714.0
2022-12-16 15:01:36.259712,11,808.0,714.0
2022-12-16 15:01:36.269244,11,807.0,712.0
2022-12-16 15:01:36.382602,11,1800.0,901.0
2022-12-16 15:01:38.819305,12,1700.0,300.0
2022-12-16 15:01:38.829238,12,1699.0,299.0
2022-12-16 15:01:38.839653,12,1697.0,299.0
2022-12-16 15:01:38.849215,12,1691.0,299.0
2022-12-16 15:01:38.858952,12,1685.0,300.0
2022-12-16 15:01:38.869026,12,1674.0,302.0
2022-12-16 15:01:38.879044,12,1664.0,304.0
2022-12-16 15:01:38.889324,12,1653.0,306.0
2022-12-16 15:01:38.899361,12,1646.0,308.0
2022-12-16 15:01:38.909286,12,1640.0,309.0
2022-12-16 15:01:38.920120,12,1633.0,311.0
2022-12-16 15:01:38.929172,12,1627.0,313.0
2022-12-16 15:01:38.938751,12,1622.0,314.0
2022-12-16 15:01:38.948999,12,1621.0,315.0
2022-12-16 15:01:38.958996,12,1620.0,315.0
2022-12-16 15:01:38.980024,12,1618.0,315.0
2022-12-16 15:01:38.990174,12,1617.0,316.0
2022-12-16 15:01:39.009968,12,1616.0,317.0
2022-12-16 15:01:39.019913,12,1615.0,318.0
2022-12-16 15:01:39.029583,12,1614.0,320.0
2022-12-16 15:01:39.040598,12,1611.0,321.0
2022-12-16 15:01:39.050628,12,1608.0,323.0
2022-12-16 15:01:39.059534,12,1604.0,327.0
2022-12-16 15:01:39.069424,12,1601.0,330.0
2022-12-16 15:01:39.079477,12,1596.0,333.0
2022-12-16 15:01:39.089416,12,1593.0,336.0
2022-12-16 15:01:39.099431,12,1590.0,337.0
2022-12-16 15:01:39.110198,12,1587.0,340.0
2022-12-16 15:01:39.120168,12,1584.0,343.0
2022-12-16 15:01:39.129891,12,1581.0,346.0
2022-12-16 15:01:39.140891,12,1579.0,349.0
2022-12-16 15:01:39.150823,12,1576.0,352.0
2022-12-16 15:01:39.160821,12,1573.0,355.0
2022-12-16 15:01:39.171062,12,1570.0,357.0
2022-12-16 15:01:39.182181,12,1567.0,360.0
2022-12-16 15:01:39.191392,12,1564.0,363.0
2022-12-16 15:01:39.201403,12,1561.0,366.0
2022-12-16 15:01:39.211440,12,1558.0,369.0
2022-12-16 15:01:39.221316,12,1555.0,372.0
2022-12-16 15:01:39.230337,12,1552.0,375.0
2022-12-16 15:01:39.241011,12,1550.0,378.0
2022-12-16 15:01:39.251149,12,1547.0,381.0
2022-12-16 15:01:39.261215,12,1544.0,384.0
2022-12-16 15:01:39.271194,12,1541.0,386.0
2022-12-16 15:01:39.281303,12,1537.0,390.0
2022-12-16 15:01:39.291293,12,1532.0,395.0
2022-12-16 15:01:39.300299,12,1529.0,398.0
2022-12-16 15:01:39.310798,12,1525.0,402.0
2022-12-16 15:01:39.320806,12,1522.0,405.0
2022-12-16 15:01:39.330915,12,1518.0,409.0
2022-12-16 15:01:39.340927,12,1514.0,413.0
2022-12-16 15:01:39.350733,12,1509.0,418.0
2022-12-16 15:01:39.360716,12,1505.0,424.0
2022-12-16 15:01:39.370969,12,1502.0,427.0
2022-12-16 15:01:39.381164,12,1499.0,432.0
2022-12-16 15:01:39.391168,12,1496.0,435.0
2022-12-16 15:01:39.400970,12,1493.0,440.0
2022-12-16 15:01:39.411041,12,1492.0,443.0
2022-12-16 15:01:39.421336,12,1489.0,447.0
2022-12-16 15:01:39.430303,12,1486.0,450.0
2022-12-16 15:01:39.440884,12,1482.0,454.0
2022-12-16 15:01:39.451135,12,1479.0,458.0
2022-12-16 15:01:39.462283,12,1477.0,463.0
2022-12-16 15:01:39.471280,12,1474.0,466.0
2022-12-16 15:01:39.481916,12,1471.0,471.0
2022-12-16 15:01:39.491947,12,1468.0,474.0
2022-12-16 15:01:39.502284,12,1464.0,477.0
2022-12-16 15:01:39.512169,12,1461.0,480.0
2022-12-16 15:01:39.521369,12,1458.0,483.0
2022-12-16 15:01:39.532197,12,1453.0,488.0
2022-12-16 15:01:39.541884,12,1450.0,491.0
2022-12-16 15:01:39.551949,12,1446.0,495.0
2022-12-16 15:01:39.561737,12,1443.0,499.0
2022-12-16 15:01:39.571962,12,1438.0,504.0
2022-12-16 15:01:39.582096,12,1434.0,508.0
2022-12-16 15:01:39.592100,12,1430.0,512.0
2022-12-16 15:01:39.602100,12,1425.0,517.0
2022-12-16 15:01:39.612071,12,1420.0,522.0
2022-12-16 15:01:39.621703,12,1414.0,526.0
2022-12-16 15:01:39.631770,12,1409.0,529.0
2022-12-16 15:01:39.641685,12,1403.0,533.0
2022-12-16 15:01:39.652715,12,1395.0,537.0
2022-12-16 15:01:39.662667,12,1389.0,541.0
2022-12-16 15:01:39.673029,12,1382.0,545.0
2022-12-16 15:01:39.683022,12,1375.0,549.0
2022-12-16 15:01:39.693861,12,1368.0,550.0
2022-12-16 15:01:39.703190,12,1362.0,555.0
2022-12-16 15:01:39.712762,12,1356.0,558.0
2022-12-16 15:01:39.722644,12,1348.0,562.0
2022-12-16 15:01:39.732607,12,1341.0,565.0
2022-12-16 15:01:39.742738,12,1334.0,569.0
2022-12-16 15:01:39.752737,12,1328.0,571.0
2022-12-16 15:01:39.762692,12,1322.0,577.0
2022-12-16 15:01:39.773192,12,1315.0,579.0
2022-12-16 15:01:39.783281,12,1309.0,583.0
2022-12-16 15:01:39.793093,12,1305.0,586.0
2022-12-16 15:01:39.803154,12,1297.0,588.0
2022-12-16 15:01:39.813224,12,1292.0,592.0
2022-12-16 15:01:39.823299,12,1287.0,594.0
2022-12-16 15:01:39.833523,12,1282.0,596.0
2022-12-16 15:01:39.842520,12,1276.0,598.0
2022-12-16 15:01:39.852492,12,1272.0,601.0
2022-12-16 15:01:39.863447,12,1266.0,604.0
2022-12-16 15:01:39.873421,12,1262.0,607.0
2022-12-16 15:01:39.882552,12,1258.0,608.0
2022-12-16 15:01:39.892581,12,1253.0,610.0
2022-12-16 15:01:39.903083,12,1251.0,611.0
2022-12-16 15:01:39.913058,12,1248.0,612.0
2022-12-16 15:01:39.923270,12,1246.0,614.0
2022-12-16 15:01:39.933266,12,1243.0,614.0
2022-12-16 15:01:39.943336,12,1241.0,616.0
2022-12-16 15:01:39.953332,12,1239.0,617.0
2022-12-16 15:01:39.962568,12,1237.0,617.0
2022-12-16 15:01:39.972955,12,1236.0,617.0
2022-12-16 15:01:39.983151,12,1235.0,618.0
2022-12-16 15:01:39.994224,12,1234.0,618.0
2022-12-16 15:01:40.004231,12,1233.0,618.0
2022-12-16 15:01:40.014369,12,1232.0,619.0
2022-12-16 15:01:40.035331,12,1231.0,619.0
2022-12-16 15:01:40.053994,12,1230.0,619.0
2022-12-16 15:01:40.064062,12,1228.0,619.0
2022-12-16 15:01:40.073965,12,1227.0,619.0
2022-12-16 15:01:40.084219,12,1224.0,616.0
2022-12-16 15:01:40.094200,12,1221.0,614.0
2022-12-16 15:01:40.104291,12,1218.0,611.0
2022-12-16 15:01:40.114398,12,1212.0,607.0
2022-12-16 15:01:40.123551,12,1209.0,605.0
2022-12-16 15:01:40.133596,12,1203.0,601.0
2022-12-16 15:01:40.144670,12,1200.0,598.0
2022-12-16 15:01:40.153742,12,1198.0,597.0
2022-12-16 15:01:40.164717,12,1196.0,595.0
2022-12-16 15:01:40.174500,12,1194.0,595.0
2022-12-16 15:01:40.184351,12,1193.0,595.0
2022-12-16 15:01:40.195392,12,1192.0,594.0
2022-12-16 15:01:40.206376,12,1191.0,594.0
2022-12-16 15:01:40.215392,12,1190.0,594.0
2022-12-16 15:01:40.224463,12,1189.0,594.0
2022-12-16 15:01:40.235313,12,1188.0,594.0
2022-12-16 15:01:40.245373,12,1185.0,594.0
2022-12-16 15:01:40.255386,12,1181.0,594.0
2022-12-16 15:01:40.265386,12,1176.0,594.0
2022-12-16 15:01:40.275516,12,1170.0,594.0
2022-12-16 15:01:40.284528,12,1163.0,594.0
2022-12-16 15:01:40.294748,12,1155.0,594.0
2022-12-16 15:01:40.305467,12,1150.0,594.0
2022-12-16 15:01:40.315299,12,1143.0,594.0
2022-12-16 15:01:40.325308,12,1135.0,594.0
2022-12-16 15:01:40.335352,12,1128.0,594.0
2022-12-16 15:01:40.345388,12,1122.0,594.0
2022-12-16 15:01:40.354655,12,1117.0,594.0
2022-12-16 15:01:40.365625,12,1113.0,594.0
2022-12-16 15:01:40.375625,12,1107.0,594.0
2022-12-16 15:01:40.384625,12,1104.0,594.0
2022-12-16 15:01:40.394624,12,1102.0,594.0
2022-12-16 15:01:40.404560,12,1099.0,595.0
2022-12-16 15:01:40.414626,12,1098.0,595.0
2022-12-16 15:01:40.424633,12,1097.0,596.0
2022-12-16 15:01:40.434662,12,1096.0,596.0
2022-12-16 15:01:40.484549,12,1095.0,596.0
2022-12-16 15:01:40.507032,12,1094.0,596.0
2022-12-16 15:01:40.516049,12,1092.0,594.0
2022-12-16 15:01:40.526016,12,1090.0,593.0
2022-12-16 15:01:40.536308,12,1089.0,591.0
2022-12-16 15:01:40.546897,12,1087.0,590.0
2022-12-16 15:01:40.555679,12,1086.0,588.0
2022-12-16 15:01:40.566375,12,1085.0,587.0
2022-12-16 15:01:40.646336,12,1084.0,587.0
2022-12-16 15:01:40.737084,12,1083.0,586.0
2022-12-16 15:01:40.746854,12,1082.0,584.0
2022-12-16 15:01:40.757092,12,1081.0,583.0
2022-12-16 15:01:40.767061,12,1080.0,581.0
2022-12-16 15:01:40.777167,12,1077.0,578.0
2022-12-16 15:01:40.786917,12,1076.0,575.0
2022-12-16 15:01:40.796933,12,1074.0,573.0
2022-12-16 15:01:40.806957,12,1072.0,572.0
2022-12-16 15:01:40.816993,12,1070.0,570.0
2022-12-16 15:01:40.827370,12,1069.0,569.0
2022-12-16 15:01:40.836783,12,1067.0,567.0
2022-12-16 15:01:40.876735,12,1066.0,566.0
2022-12-16 15:01:40.887959,12,1066.0,565.0
2022-12-16 15:01:40.906942,12,1066.0,564.0
2022-12-16 15:01:40.947160,12,1065.0,563.0
2022-12-16 15:01:40.967163,12,1064.0,563.0
2022-12-16 15:01:40.976844,12,1064.0,562.0
2022-12-16 15:01:40.997355,12,1063.0,560.0
2022-12-16 15:01:41.007284,12,1061.0,558.0
2022-12-16 15:01:41.018597,12,1060.0,557.0
2022-12-16 15:01:41.027719,12,1059.0,556.0
2022-12-16 15:01:41.037717,12,1058.0,554.0
2022-12-16 15:01:41.047608,12,1056.0,552.0
2022-12-16 15:01:41.058751,12,1054.0,550.0
2022-12-16 15:01:41.068266,12,1053.0,546.0
2022-12-16 15:01:41.077434,12,1050.0,543.0
2022-12-16 15:01:41.088628,12,1049.0,543.0
2022-12-16 15:01:41.098670,12,1047.0,541.0
2022-12-16 15:01:41.108626,12,1044.0,538.0
2022-12-16 15:01:41.128019,12,1042.0,536.0
2022-12-16 15:01:41.188585,12,1041.0,535.0
2022-12-16 15:01:41.199585,12,1041.0,534.0
2022-12-16 15:01:41.208653,12,1040.0,533.0
2022-12-16 15:01:41.218905,12,1038.0,532.0
2022-12-16 15:01:41.229833,12,1037.0,530.0
2022-12-16 15:01:41.238826,12,1035.0,528.0
2022-12-16 15:01:41.248793,12,1033.0,527.0
2022-12-16 15:01:41.258955,12,1030.0,524.0
2022-12-16 15:01:41.269794,12,1029.0,522.0
2022-12-16 15:01:41.278835,12,1027.0,521.0
2022-12-16 15:01:41.288823,12,1026.0,520.0
2022-12-16 15:01:41.299077,12,1025.0,518.0
2022-12-16 15:01:41.429274,12,1024.0,518.0
2022-12-16 15:01:41.439422,12,1023.0,518.0
2022-12-16 15:01:41.449423,12,1020.0,518.0
2022-12-16 15:01:41.459435,12,1019.0,517.0
2022-12-16 15:01:41.469349,12,1016.0,516.0
2022-12-16 15:01:41.478431,12,1012.0,515.0
2022-12-16 15:01:41.489271,12,1006.0,512.0
2022-12-16 15:01:41.499194,12,1003.0,512.0
2022-12-16 15:01:41.508679,12,998.0,511.0
2022-12-16 15:01:41.518679,12,996.0,511.0
2022-12-16 15:01:41.530121,12,993.0,510.0
2022-12-16 15:01:41.539821,12,989.0,510.0
2022-12-16 15:01:41.550026,12,988.0,510.0
2022-12-16 15:01:41.559726,12,986.0,510.0
2022-12-16 15:01:41.570707,12,985.0,510.0
2022-12-16 15:01:41.579498,12,982.0,510.0
2022-12-16 15:01:41.590494,12,981.0,510.0
2022-12-16 15:01:41.599876,12,980.0,510.0
2022-12-16 15:01:42.372893,12,980.0,510.0
2022-12-16 15:01:42.393180,12,979.0,511.0
2022-12-16 15:01:44.842707,12,979.0,512.0
2022-12-16 15:01:44.854217,12,978.0,512.0
2022-12-16 15:01:44.863155,12,977.0,512.0
2022-12-16 15:01:44.873186,12,976.0,512.0
2022-12-16 15:01:44.883417,12,975.0,512.0
2022-12-16 15:01:44.893582,12,974.0,512.0
2022-12-16 15:01:44.923291,12,973.0,512.0
2022-12-16 15:01:45.003014,12,972.0,512.0
2022-12-16 15:01:45.012988,12,971.0,512.0
2022-12-16 15:01:45.032546,12,970.0,512.0
2022-12-16 15:01:45.072479,12,968.0,512.0
2022-12-16 15:01:45.134264,12,967.0,512.0
2022-12-16 15:01:45.145272,12,966.0,513.0
2022-12-16 15:01:45.164397,12,965.0,514.0
2022-12-16 15:01:45.174240,12,964.0,515.0
2022-12-16 15:01:45.184535,12,963.0,515.0
2022-12-16 15:01:45.214170,12,961.0,516.0
2022-12-16 15:01:45.235364,12,960.0,517.0
2022-12-16 15:01:45.274671,12,958.0,518.0
2022-12-16 15:01:45.284671,12,957.0,519.0
2022-12-16 15:01:45.316201,12,956.0,519.0
2022-12-16 15:01:45.335373,12,954.0,519.0
2022-12-16 15:01:45.345078,12,954.0,520.0
2022-12-16 15:01:45.385366,12,953.0,520.0
2022-12-16 15:01:45.425318,12,952.0,521.0
2022-12-16 15:01:45.435371,12,951.0,521.0
2022-12-16 15:01:45.455352,12,950.0,521.0
2022-12-16 15:01:45.464334,12,948.0,522.0
2022-12-16 15:01:45.475372,12,947.0,522.0
2022-12-16 15:01:45.486305,12,945.0,523.0
2022-12-16 15:01:45.497353,12,944.0,524.0
2022-12-16 15:01:45.504433,12,942.0,524.0
2022-12-16 15:01:45.515058,12,941.0,525.0
2022-12-16 15:01:45.525189,12,940.0,525.0
2022-12-16 15:01:45.535915,12,937.0,526.0
2022-12-16 15:01:45.544914,12,935.0,526.0
2022-12-16 15:01:45.555220,12,932.0,526.0
2022-12-16 15:01:45.565068,12,927.0,526.0
2022-12-16 15:01:45.576108,12,923.0,526.0
2022-12-16 15:01:45.585229,12,919.0,526.0
2022-12-16 15:01:45.595017,12,914.0,526.0
2022-12-16 15:01:45.605063,12,911.0,527.0
2022-12-16 15:01:45.616290,12,903.0,527.0
2022-12-16 15:01:45.626237,12,898.0,527.0
2022-12-16 15:01:45.636233,12,892.0,528.0
2022-12-16 15:01:45.645729,12,887.0,528.0
2022-12-16 15:01:45.658252,12,881.0,528.0
2022-12-16 15:01:45.667190,12,876.0,528.0
2022-12-16 15:01:45.675759,12,871.0,528.0
2022-12-16 15:01:45.685825,12,869.0,528.0
2022-12-16 15:01:45.696956,12,865.0,528.0
2022-12-16 15:01:45.707198,12,863.0,528.0
2022-12-16 15:01:45.716225,12,861.0,528.0
2022-12-16 15:01:45.725959,12,858.0,528.0
2022-12-16 15:01:45.735989,12,853.0,528.0
2022-12-16 15:01:45.747208,12,849.0,528.0
2022-12-16 15:01:45.756206,12,845.0,528.0
2022-12-16 15:01:45.766197,12,839.0,528.0
2022-12-16 15:01:45.775484,12,834.0,528.0
2022-12-16 15:01:45.787215,12,828.0,528.0
2022-12-16 15:01:45.797212,12,823.0,528.0
2022-12-16 15:01:45.807289,12,818.0,528.0
2022-12-16 15:01:45.816995,12,814.0,527.0
2022-12-16 15:01:45.827988,12,812.0,527.0
2022-12-16 15:01:45.838266,12,811.0,527.0
2022-12-16 15:01:45.868008,12,811.0,526.0
2022-12-16 15:01:45.887294,12,810.0,525.0
2022-12-16 15:01:45.899134,12,809.0,525.0
2022-12-16 15:01:45.907065,12,808.0,524.0
2022-12-16 15:01:45.918181,12,807.0,522.0
2022-12-16 15:01:45.927007,12,807.0,517.0
2022-12-16 15:01:45.937015,12,807.0,512.0
2022-12-16 15:01:45.947286,12,805.0,503.0
2022-12-16 15:01:45.958133,12,804.0,493.0
2022-12-16 15:01:45.967189,12,803.0,484.0
2022-12-16 15:01:45.977344,12,802.0,473.0
2022-12-16 15:01:45.986869,12,800.0,462.0
2022-12-16 15:01:45.997600,12,798.0,450.0
2022-12-16 15:01:46.007626,12,798.0,442.0
2022-12-16 15:01:46.017180,12,798.0,430.0
2022-12-16 15:01:46.026744,12,797.0,424.0
2022-12-16 15:01:46.038550,12,797.0,415.0
2022-12-16 15:01:46.047806,12,796.0,408.0
2022-12-16 15:01:46.056797,12,795.0,400.0
2022-12-16 15:01:46.066764,12,795.0,398.0
2022-12-16 15:01:46.076803,12,795.0,392.0
2022-12-16 15:01:46.087802,12,793.0,384.0
2022-12-16 15:01:46.096811,12,793.0,377.0
2022-12-16 15:01:46.107023,12,791.0,369.0
2022-12-16 15:01:46.117283,12,790.0,360.0
2022-12-16 15:01:46.127743,12,787.0,350.0
2022-12-16 15:01:46.137666,12,785.0,342.0
2022-12-16 15:01:46.147705,12,783.0,332.0
2022-12-16 15:01:46.157662,12,782.0,326.0
2022-12-16 15:01:46.169635,12,780.0,321.0
2022-12-16 15:01:46.178874,12,779.0,317.0
2022-12-16 15:01:46.187857,12,779.0,316.0
2022-12-16 15:01:46.219078,12,778.0,316.0
2022-12-16 15:01:46.227894,12,777.0,315.0
2022-12-16 15:01:46.238056,12,777.0,314.0
2022-12-16 15:01:46.248978,12,776.0,312.0
2022-12-16 15:01:46.259182,12,774.0,310.0
2022-12-16 15:01:46.268274,12,773.0,307.0
2022-12-16 15:01:46.278274,12,772.0,301.0
2022-12-16 15:01:46.287380,12,770.0,300.0
2022-12-16 15:01:46.298967,12,769.0,297.0
2022-12-16 15:01:46.308949,12,768.0,293.0
2022-12-16 15:01:46.318948,12,766.0,292.0
2022-12-16 15:01:46.328961,12,765.0,289.0
2022-12-16 15:01:46.340230,12,764.0,286.0
2022-12-16 15:01:46.351173,12,761.0,281.0
2022-12-16 15:01:46.359568,12,758.0,275.0
2022-12-16 15:01:46.369220,12,757.0,270.0
2022-12-16 15:01:46.380284,12,753.0,265.0
2022-12-16 15:01:46.389816,12,750.0,262.0
2022-12-16 15:01:46.398944,12,749.0,258.0
2022-12-16 15:01:46.408945,12,747.0,255.0
2022-12-16 15:01:46.458790,12,747.0,254.0
2022-12-16 15:01:46.469842,12,747.0,253.0
2022-12-16 15:01:46.478842,12,746.0,252.0
2022-12-16 15:01:46.489247,12,744.0,247.0
2022-12-16 15:01:46.499094,12,743.0,246.0
2022-12-16 15:01:46.509696,12,741.0,240.0
2022-12-16 15:01:46.520259,12,739.0,235.0
2022-12-16 15:01:46.529208,12,737.0,229.0
2022-12-16 15:01:46.539280,12,735.0,225.0
2022-12-16 15:01:46.550208,12,733.0,220.0
2022-12-16 15:01:46.560249,12,732.0,216.0
2022-12-16 15:01:46.568665,12,731.0,213.0
2022-12-16 15:01:46.579366,12,730.0,210.0
2022-12-16 15:01:46.589998,12,728.0,207.0
2022-12-16 15:01:46.600018,12,727.0,204.0
2022-12-16 15:01:46.609101,12,725.0,200.0
2022-12-16 15:01:46.618693,12,724.0,197.0
2022-12-16 15:01:46.628677,12,723.0,195.0
2022-12-16 15:01:46.640010,12,722.0,194.0
2022-12-16 15:01:46.841264,12,722.0,193.0
2022-12-16 15:01:46.851277,12,721.0,193.0
2022-12-16 15:01:46.862301,12,720.0,193.0
2022-12-16 15:01:46.871082,12,718.0,195.0
2022-12-16 15:01:46.881254,12,717.0,196.0
2022-12-16 15:01:46.890381,12,715.0,198.0
2022-12-16 15:01:46.901726,12,714.0,199.0
2022-12-16 15:01:49.481026,13,1500.0,150.0
2022-12-16 15:01:49.491184,13,1499.0,151.0
2022-12-16 15:01:49.502323,13,1499.0,152.0
2022-12-16 15:01:49.511285,13,1499.0,153.0
2022-12-16 15:01:49.531152,13,1498.0,154.0
2022-12-16 15:01:49.542083,13,1497.0,155.0
2022-12-16 15:01:49.551176,13,1496.0,156.0
2022-12-16 15:01:49.561264,13,1496.0,157.0
2022-12-16 15:01:49.570467,13,1495.0,158.0
2022-12-16 15:01:49.581579,13,1495.0,159.0
2022-12-16 15:01:49.591596,13,1494.0,160.0
2022-12-16 15:01:49.601426,13,1493.0,161.0
2022-12-16 15:01:49.611063,13,1492.0,161.0
2022-12-16 15:01:49.620135,13,1491.0,162.0
2022-12-16 15:01:49.631638,13,1490.0,163.0
2022-12-16 15:01:49.640795,13,1488.0,165.0
2022-12-16 15:01:49.651272,13,1486.0,165.0
2022-12-16 15:01:49.661207,13,1482.0,166.0
2022-12-16 15:01:49.672496,13,1480.0,167.0
2022-12-16 15:01:49.680678,13,1474.0,168.0
2022-12-16 15:01:49.690530,13,1469.0,169.0
2022-12-16 15:01:49.700567,13,1462.0,170.0
2022-12-16 15:01:49.712599,13,1456.0,171.0
2022-12-16 15:01:49.721579,13,1448.0,172.0
2022-12-16 15:01:49.731700,13,1440.0,174.0
2022-12-16 15:01:49.741870,13,1433.0,176.0
2022-12-16 15:01:49.752899,13,1426.0,177.0
2022-12-16 15:01:49.762312,13,1419.0,179.0
2022-12-16 15:01:49.772318,13,1414.0,181.0
2022-12-16 15:01:49.782039,13,1408.0,181.0
2022-12-16 15:01:49.792039,13,1403.0,183.0
2022-12-16 15:01:49.802681,13,1400.0,184.0
2022-12-16 15:01:49.811682,13,1395.0,185.0
2022-12-16 15:01:49.821689,13,1389.0,186.0
2022-12-16 15:01:49.831580,13,1386.0,187.0
2022-12-16 15:01:49.842581,13,1379.0,189.0
2022-12-16 15:01:49.851621,13,1373.0,190.0
2022-12-16 15:01:49.861395,13,1371.0,190.0
2022-12-16 15:01:49.872260,13,1367.0,191.0
2022-12-16 15:01:49.883373,13,1364.0,191.0
2022-12-16 15:01:49.892411,13,1359.0,191.0
2022-12-16 15:01:49.902437,13,1356.0,192.0
2022-12-16 15:01:49.913460,13,1350.0,193.0
2022-12-16 15:01:49.923302,13,1347.0,193.0
2022-12-16 15:01:49.934445,13,1342.0,193.0
2022-12-16 15:01:49.943277,13,1336.0,195.0
2022-12-16 15:01:49.953394,13,1332.0,196.0
2022-12-16 15:01:49.963205,13,1327.0,197.0
2022-12-16 15:01:49.974330,13,1319.0,199.0
2022-12-16 15:01:49.982779,13,1315.0,200.0
2022-12-16 15:01:49.992817,13,1311.0,201.0
2022-12-16 15:01:50.003284,13,1304.0,203.0
2022-12-16 15:01:50.014025,13,1298.0,205.0
2022-12-16 15:01:50.023087,13,1293.0,208.0
2022-12-16 15:01:50.033246,13,1287.0,209.0
2022-12-16 15:01:50.043324,13,1282.0,213.0
2022-12-16 15:01:50.054439,13,1276.0,215.0
2022-12-16 15:01:50.063352,13,1270.0,218.0
2022-12-16 15:01:50.073081,13,1264.0,221.0
2022-12-16 15:01:50.083068,13,1260.0,224.0
2022-12-16 15:01:50.094194,13,1254.0,226.0
2022-12-16 15:01:50.103916,13,1249.0,229.0
2022-12-16 15:01:50.113205,13,1245.0,232.0
2022-12-16 15:01:50.123266,13,1242.0,233.0
2022-12-16 15:01:50.133378,13,1239.0,235.0
2022-12-16 15:01:50.144468,13,1237.0,237.0
2022-12-16 15:01:50.152604,13,1234.0,239.0
2022-12-16 15:01:50.162543,13,1233.0,240.0
2022-12-16 15:01:50.183535,13,1232.0,241.0
2022-12-16 15:01:50.192939,13,1230.0,243.0
2022-12-16 15:01:50.202946,13,1229.0,243.0
2022-12-16 15:01:50.212627,13,1228.0,243.0
2022-12-16 15:01:50.223632,13,1226.0,244.0
2022-12-16 15:01:50.234398,13,1225.0,246.0
2022-12-16 15:01:50.244509,13,1223.0,247.0
2022-12-16 15:01:50.253483,13,1221.0,248.0
2022-12-16 15:01:50.265283,13,1218.0,251.0
2022-12-16 15:01:50.275339,13,1215.0,252.0
2022-12-16 15:01:50.283526,13,1211.0,255.0
2022-12-16 15:01:50.293532,13,1208.0,257.0
2022-12-16 15:01:50.304573,13,1205.0,260.0
2022-12-16 15:01:50.314717,13,1201.0,263.0
2022-12-16 15:01:50.323976,13,1196.0,266.0
2022-12-16 15:01:50.333990,13,1191.0,269.0
2022-12-16 15:01:50.343726,13,1189.0,270.0
2022-12-16 15:01:50.354733,13,1185.0,273.0
2022-12-16 15:01:50.363783,13,1182.0,275.0
2022-12-16 15:01:50.374130,13,1179.0,278.0
2022-12-16 15:01:50.384012,13,1173.0,282.0
2022-12-16 15:01:50.394989,13,1168.0,285.0
2022-12-16 15:01:50.404953,13,1162.0,290.0
2022-12-16 15:01:50.414953,13,1157.0,293.0
2022-12-16 15:01:50.424953,13,1150.0,297.0
2022-12-16 15:01:50.437362,13,1146.0,300.0
2022-12-16 15:01:50.446978,13,1144.0,303.0
2022-12-16 15:01:50.455222,13,1138.0,307.0
2022-12-16 15:01:50.466297,13,1133.0,310.0
2022-12-16 15:01:50.476726,13,1130.0,311.0
2022-12-16 15:01:50.486390,13,1124.0,315.0
2022-12-16 15:01:50.495462,13,1120.0,319.0
2022-12-16 15:01:50.504749,13,1116.0,322.0
2022-12-16 15:01:50.514753,13,1110.0,325.0
2022-12-16 15:01:50.525779,13,1106.0,328.0
2022-12-16 15:01:50.534985,13,1100.0,332.0
2022-12-16 15:01:50.544666,13,1097.0,335.0
2022-12-16 15:01:50.554700,13,1090.0,339.0
2022-12-16 15:01:50.566639,13,1088.0,342.0
2022-12-16 15:01:50.575122,13,1083.0,345.0
2022-12-16 15:01:50.584892,13,1080.0,347.0
2022-12-16 15:01:50.595264,13,1075.0,352.0
2022-12-16 15:01:50.606513,13,1072.0,355.0
2022-12-16 15:01:50.615623,13,1067.0,358.0
2022-12-16 15:01:50.624628,13,1064.0,361.0
2022-12-16 15:01:50.635635,13,1063.0,363.0
2022-12-16 15:01:50.644704,13,1060.0,366.0
2022-12-16 15:01:50.655936,13,1059.0,367.0
2022-12-16 15:01:50.664886,13,1057.0,369.0
2022-12-16 15:01:50.675224,13,1056.0,369.0
2022-12-16 15:01:50.685250,13,1055.0,370.0
2022-12-16 15:01:50.705410,13,1054.0,371.0
2022-12-16 15:01:50.725463,13,1054.0,372.0
2022-12-16 15:01:50.786854,13,1053.0,372.0
2022-12-16 15:01:50.795822,13,1053.0,373.0
2022-12-16 15:01:50.805795,13,1053.0,375.0
2022-12-16 15:01:50.816786,13,1053.0,376.0
2022-12-16 15:01:50.827379,13,1053.0,377.0
2022-12-16 15:01:50.836226,13,1054.0,378.0
2022-12-16 15:01:50.845839,13,1054.0,379.0
2022-12-16 15:01:50.867216,13,1054.0,380.0
2022-12-16 15:01:50.876053,13,1054.0,382.0
2022-12-16 15:01:50.886039,13,1054.0,384.0
2022-12-16 15:01:50.896278,13,1054.0,385.0
2022-12-16 15:01:50.916403,13,1054.0,388.0
2022-12-16 15:01:50.927517,13,1054.0,390.0
2022-12-16 15:01:50.936885,13,1054.0,391.0
2022-12-16 15:01:50.947882,13,1054.0,392.0
2022-12-16 15:01:50.958038,13,1053.0,394.0
2022-12-16 15:01:50.967219,13,1053.0,396.0
2022-12-16 15:01:50.976424,13,1052.0,398.0
2022-12-16 15:01:50.987474,13,1051.0,401.0
2022-12-16 15:01:50.998020,13,1049.0,404.0
2022-12-16 15:01:51.006789,13,1048.0,406.0
2022-12-16 15:01:51.016764,13,1047.0,409.0
2022-12-16 15:01:51.026946,13,1045.0,411.0
2022-12-16 15:01:51.037763,13,1044.0,414.0
2022-12-16 15:01:51.046802,13,1043.0,417.0
2022-12-16 15:01:51.056748,13,1041.0,419.0
2022-12-16 15:01:51.066795,13,1040.0,422.0
2022-12-16 15:01:51.077790,13,1039.0,425.0
2022-12-16 15:01:51.086769,13,1037.0,426.0
2022-12-16 15:01:51.097402,13,1037.0,429.0
2022-12-16 15:01:51.107433,13,1035.0,434.0
2022-12-16 15:01:51.118438,13,1035.0,436.0
2022-12-16 15:01:51.128438,13,1034.0,439.0
2022-12-16 15:01:51.136437,13,1033.0,445.0
2022-12-16 15:01:51.146511,13,1033.0,447.0
2022-12-16 15:01:51.158530,13,1033.0,451.0
2022-12-16 15:01:51.168186,13,1033.0,457.0
2022-12-16 15:01:51.177185,13,1033.0,459.0
2022-12-16 15:01:51.186862,13,1033.0,461.0
2022-12-16 15:01:51.196946,13,1033.0,463.0
2022-12-16 15:01:51.207944,13,1033.0,464.0
2022-12-16 15:01:51.227340,13,1033.0,466.0
2022-12-16 15:01:51.236415,13,1033.0,467.0
2022-12-16 15:01:51.257981,13,1032.0,468.0
2022-12-16 15:01:51.277531,13,1032.0,469.0
2022-12-16 15:01:51.289232,13,1032.0,470.0
2022-12-16 15:01:51.328923,13,1032.0,471.0
2022-12-16 15:01:51.338819,13,1032.0,473.0
2022-12-16 15:01:51.347858,13,1032.0,474.0
2022-12-16 15:01:51.358099,13,1032.0,475.0
2022-12-16 15:01:51.367989,13,1032.0,476.0
2022-12-16 15:01:51.379161,13,1032.0,479.0
2022-12-16 15:01:51.388004,13,1031.0,481.0
2022-12-16 15:01:51.397856,13,1031.0,482.0
2022-12-16 15:01:51.407690,13,1031.0,486.0
2022-12-16 15:01:51.418711,13,1031.0,488.0
2022-12-16 15:01:51.428944,13,1031.0,491.0
2022-12-16 15:01:51.438795,13,1031.0,492.0
2022-12-16 15:01:51.479664,13,1031.0,493.0
2022-12-16 15:01:51.488729,13,1031.0,494.0
2022-12-16 15:01:51.499484,13,1031.0,495.0
2022-12-16 15:01:51.510237,13,1031.0,496.0
2022-12-16 15:01:51.519207,13,1031.0,497.0
2022-12-16 15:01:51.528990,13,1031.0,498.0
2022-12-16 15:01:51.538997,13,1031.0,499.0
2022-12-16 15:01:51.549919,13,1031.0,501.0
2022-12-16 15:01:51.559088,13,1030.0,505.0
2022-12-16 15:01:51.569149,13,1029.0,508.0
2022-12-16 15:01:51.579189,13,1028.0,511.0
2022-12-16 15:01:51.589878,13,1027.0,515.0
2022-12-16 15:01:51.598465,13,1025.0,517.0
2022-12-16 15:01:51.608618,13,1024.0,519.0
2022-12-16 15:01:51.618825,13,1023.0,522.0
2022-12-16 15:01:51.629685,13,1023.0,523.0
2022-12-16 15:01:51.699405,13,1023.0,524.0
2022-12-16 15:01:51.708652,13,1023.0,525.0
2022-12-16 15:01:51.719725,13,1023.0,526.0
2022-12-16 15:01:51.749054,13,1023.0,527.0
2022-12-16 15:01:51.760272,13,1023.0,528.0
2022-12-16 15:01:51.940943,13,1023.0,529.0
2022-12-16 15:01:51.950985,13,1023.0,530.0
2022-12-16 15:01:51.960451,13,1021.0,530.0
2022-12-16 15:01:51.971782,13,1018.0,528.0
2022-12-16 15:01:51.982000,13,1013.0,525.0
2022-12-16 15:01:51.991270,13,1010.0,522.0
2022-12-16 15:01:52.001280,13,1008.0,520.0
2022-12-16 15:01:52.012264,13,1005.0,519.0
2022-12-16 15:01:52.022233,13,1002.0,517.0
2022-12-16 15:01:52.031164,13,1001.0,516.0
2022-12-16 15:01:52.041160,13,1000.0,515.0
2022-12-16 15:01:52.352820,13,999.0,515.0
2022-12-16 15:01:52.362780,13,998.0,515.0
2022-12-16 15:01:52.381868,13,997.0,515.0
2022-12-16 15:01:52.391867,13,996.0,515.0
2022-12-16 15:01:52.402685,13,994.0,515.0
2022-12-16 15:01:52.411726,13,993.0,515.0
2022-12-16 15:01:52.421782,13,992.0,516.0
2022-12-16 15:01:52.431763,13,991.0,516.0
2022-12-16 15:01:52.452682,13,990.0,516.0
2022-12-16 15:01:52.462529,13,989.0,516.0
2022-12-16 15:01:52.472550,13,987.0,516.0
2022-12-16 15:01:52.494154,13,986.0,516.0
2022-12-16 15:01:52.523960,13,985.0,517.0
2022-12-16 15:01:52.602999,13,984.0,517.0
2022-12-16 15:01:52.622610,13,983.0,517.0
2022-12-16 15:01:52.653606,13,982.0,517.0
2022-12-16 15:01:52.663604,13,981.0,517.0
2022-12-16 15:01:52.682694,13,980.0,517.0
2022-12-16 15:01:52.693685,13,979.0,517.0
2022-12-16 15:01:52.744262,13,978.0,517.0
2022-12-16 15:01:52.753278,13,977.0,517.0
2022-12-16 15:01:52.773343,13,976.0,517.0
2022-12-16 15:01:52.784496,13,975.0,517.0
2022-12-16 15:01:52.794179,13,973.0,517.0
2022-12-16 15:01:52.814399,13,972.0,517.0
2022-12-16 15:01:52.824310,13,970.0,517.0
2022-12-16 15:01:52.835315,13,969.0,517.0
2022-12-16 15:01:52.844177,13,967.0,517.0
2022-12-16 15:01:52.854420,13,966.0,517.0
2022-12-16 15:01:52.864478,13,965.0,517.0
2022-12-16 15:01:52.875517,13,964.0,517.0
2022-12-16 15:01:52.884126,13,962.0,517.0
2022-12-16 15:01:52.893622,13,961.0,517.0
2022-12-16 15:01:52.904591,13,960.0,517.0
2022-12-16 15:01:52.915340,13,958.0,517.0
2022-12-16 15:01:52.924239,13,957.0,517.0
2022-12-16 15:01:52.933894,13,955.0,517.0
2022-12-16 15:01:52.943939,13,954.0,517.0
2022-12-16 15:01:52.955390,13,953.0,517.0
2022-12-16 15:01:52.965427,13,952.0,517.0
2022-12-16 15:01:52.975603,13,949.0,517.0
2022-12-16 15:01:52.984591,13,944.0,518.0
2022-12-16 15:01:52.995634,13,941.0,519.0
2022-12-16 15:01:53.005888,13,938.0,520.0
2022-12-16 15:01:53.014716,13,935.0,521.0
2022-12-16 15:01:53.024483,13,932.0,522.0
2022-12-16 15:01:53.036454,13,930.0,522.0
2022-12-16 15:01:53.046311,13,929.0,522.0
2022-12-16 15:01:53.065296,13,928.0,523.0
2022-12-16 15:01:53.095191,13,927.0,523.0
2022-12-16 15:01:53.105371,13,926.0,523.0
2022-12-16 15:01:53.115207,13,925.0,523.0
2022-12-16 15:01:53.126271,13,922.0,523.0
2022-12-16 15:01:53.135356,13,920.0,523.0
2022-12-16 15:01:53.145034,13,917.0,524.0
2022-12-16 15:01:53.154980,13,914.0,525.0
2022-12-16 15:01:53.166217,13,909.0,526.0
2022-12-16 15:01:53.175466,13,905.0,529.0
2022-12-16 15:01:53.185244,13,900.0,530.0
2022-12-16 15:01:53.194467,13,898.0,531.0
2022-12-16 15:01:53.205989,13,893.0,532.0
2022-12-16 15:01:53.215728,13,888.0,534.0
2022-12-16 15:01:53.224770,13,885.0,535.0
2022-12-16 15:01:53.235597,13,881.0,536.0
2022-12-16 15:01:53.245180,13,878.0,537.0
2022-12-16 15:01:53.256171,13,872.0,538.0
2022-12-16 15:01:53.265169,13,869.0,540.0
2022-12-16 15:01:53.275627,13,863.0,541.0
2022-12-16 15:01:53.284669,13,858.0,544.0
2022-12-16 15:01:53.295879,13,853.0,545.0
2022-12-16 15:01:53.305984,13,845.0,548.0
2022-12-16 15:01:53.315944,13,839.0,550.0
2022-12-16 15:01:53.325648,13,834.0,552.0
2022-12-16 15:01:53.337689,13,829.0,554.0
2022-12-16 15:01:53.347568,13,823.0,556.0
2022-12-16 15:01:53.355977,13,821.0,557.0
2022-12-16 15:01:53.366410,13,817.0,559.0
2022-12-16 15:01:53.377246,13,814.0,560.0
2022-12-16 15:01:53.387285,13,812.0,562.0
2022-12-16 15:01:53.395979,13,809.0,563.0
2022-12-16 15:01:53.406585,13,804.0,565.0
2022-12-16 15:01:53.417432,13,802.0,566.0
2022-12-16 15:01:53.427478,13,799.0,568.0
2022-12-16 15:01:53.436372,13,794.0,569.0
2022-12-16 15:01:53.445630,13,792.0,570.0
2022-12-16 15:01:53.455623,13,789.0,573.0
2022-12-16 15:01:53.466807,13,786.0,574.0
2022-12-16 15:01:53.477175,13,785.0,574.0
2022-12-16 15:01:53.487184,13,782.0,577.0
2022-12-16 15:01:53.497478,13,781.0,578.0
2022-12-16 15:01:53.507564,13,779.0,580.0
2022-12-16 15:01:53.517566,13,776.0,580.0
2022-12-16 15:01:53.526733,13,775.0,582.0
2022-12-16 15:01:53.537173,13,772.0,583.0
2022-12-16 15:01:53.548341,13,770.0,585.0
2022-12-16 15:01:53.558151,13,767.0,587.0
2022-12-16 15:01:53.567210,13,763.0,590.0
2022-12-16 15:01:53.577078,13,761.0,592.0
2022-12-16 15:01:53.588084,13,757.0,593.0
2022-12-16 15:01:53.598085,13,754.0,594.0
2022-12-16 15:01:53.606825,13,752.0,597.0
2022-12-16 15:01:53.616831,13,749.0,599.0
2022-12-16 15:01:53.627840,13,744.0,600.0
2022-12-16 15:01:53.637943,13,743.0,601.0
2022-12-16 15:01:53.646935,13,740.0,603.0
2022-12-16 15:01:53.656834,13,735.0,604.0
2022-12-16 15:01:53.667097,13,733.0,605.0
2022-12-16 15:01:53.678357,13,728.0,607.0
2022-12-16 15:01:53.687434,13,725.0,608.0
2022-12-16 15:01:53.698131,13,719.0,609.0
2022-12-16 15:01:53.708109,13,714.0,609.0
2022-12-16 15:01:53.717917,13,706.0,611.0
2022-12-16 15:01:53.727980,13,698.0,611.0
2022-12-16 15:01:53.737269,13,687.0,611.0
2022-12-16 15:01:53.747252,13,679.0,612.0
2022-12-16 15:01:53.757300,13,669.0,612.0
2022-12-16 15:01:53.768130,13,658.0,612.0
2022-12-16 15:01:53.776814,13,653.0,612.0
2022-12-16 15:01:53.786728,13,644.0,612.0
2022-12-16 15:01:53.796728,13,636.0,612.0
2022-12-16 15:01:53.807736,13,628.0,614.0
2022-12-16 15:01:53.817740,13,621.0,614.0
2022-12-16 15:01:55.183348,13,621.0,614.0
2022-12-16 15:01:55.193315,13,620.0,614.0
2022-12-16 15:01:55.203431,13,619.0,614.0
2022-12-16 15:01:55.214332,13,617.0,615.0
2022-12-16 15:01:55.224027,13,615.0,616.0
2022-12-16 15:01:55.233031,13,613.0,618.0
2022-12-16 15:01:55.243028,13,611.0,619.0
2022-12-16 15:01:55.254258,13,609.0,621.0
2022-12-16 15:01:55.263504,13,606.0,624.0
2022-12-16 15:01:55.272591,13,604.0,626.0
2022-12-16 15:01:55.283590,13,602.0,627.0
2022-12-16 15:01:55.293790,13,601.0,629.0
2022-12-16 15:01:55.303822,13,600.0,630.0
2022-12-16 15:01:55.312786,13,599.0,631.0
2022-12-16 15:01:55.332829,13,599.0,632.0
2022-12-16 15:01:55.364341,13,598.0,633.0
2022-12-16 15:01:55.373656,13,598.0,634.0
2022-12-16 15:01:55.385274,13,597.0,635.0
2022-12-16 15:01:55.403531,13,597.0,636.0
2022-12-16 15:01:55.414340,13,597.0,637.0
2022-12-16 15:01:55.424613,13,596.0,639.0
2022-12-16 15:01:55.434606,13,596.0,641.0
2022-12-16 15:01:55.443605,13,595.0,642.0
2022-12-16 15:01:55.454315,13,595.0,643.0
2022-12-16 15:01:55.464484,13,594.0,645.0
2022-12-16 15:01:55.475491,13,594.0,647.0
2022-12-16 15:01:55.484272,13,593.0,649.0
2022-12-16 15:01:55.493562,13,593.0,651.0
2022-12-16 15:01:55.503631,13,593.0,653.0
2022-12-16 15:01:55.515753,13,593.0,655.0
2022-12-16 15:01:55.524988,13,593.0,656.0
2022-12-16 15:01:55.585358,13,592.0,656.0
2022-12-16 15:01:55.595417,13,591.0,657.0
2022-12-16 15:01:55.605977,13,590.0,659.0
2022-12-16 15:01:55.615170,13,589.0,660.0
2022-12-16 15:01:55.624889,13,586.0,661.0
2022-12-16 15:01:55.635887,13,584.0,662.0
2022-12-16 15:01:55.649886,13,575.0,662.0
2022-12-16 15:01:55.655166,13,565.0,660.0
2022-12-16 15:01:55.665214,13,550.0,655.0
2022-12-16 15:01:55.676338,13,534.0,649.0
2022-12-16 15:01:55.685870,13,519.0,645.0
2022-12-16 15:01:55.694932,13,503.0,643.0
2022-12-16 15:01:55.704899,13,493.0,641.0
2022-12-16 15:01:55.715043,13,481.0,639.0
2022-12-16 15:01:55.726504,13,470.0,639.0
2022-12-16 15:01:55.735493,13,460.0,639.0
2022-12-16 15:01:55.745228,13,450.0,639.0
2022-12-16 15:01:55.755622,13,441.0,639.0
2022-12-16 15:01:55.765620,13,436.0,639.0
2022-12-16 15:01:55.776322,13,429.0,639.0
2022-12-16 15:01:55.785415,13,422.0,639.0
2022-12-16 15:01:55.795428,13,417.0,641.0
2022-12-16 15:01:55.805733,13,411.0,643.0
2022-12-16 15:01:55.815881,13,407.0,644.0
2022-12-16 15:01:55.825291,13,402.0,647.0
2022-12-16 15:01:55.834628,13,397.0,648.0
2022-12-16 15:01:55.844904,13,395.0,650.0
2022-12-16 15:01:55.855782,13,390.0,652.0
2022-12-16 15:01:55.865811,13,387.0,653.0
2022-12-16 15:01:55.876134,13,385.0,654.0
2022-12-16 15:01:55.886361,13,381.0,655.0
2022-12-16 15:01:55.897369,13,379.0,656.0
2022-12-16 15:01:55.907091,13,377.0,656.0
2022-12-16 15:01:55.916480,13,375.0,657.0
2022-12-16 15:01:55.926493,13,374.0,658.0
2022-12-16 15:01:55.937190,13,371.0,659.0
2022-12-16 15:01:55.947122,13,369.0,660.0
2022-12-16 15:01:55.955801,13,364.0,662.0
2022-12-16 15:01:55.965582,13,362.0,663.0
2022-12-16 15:01:55.977584,13,358.0,666.0
2022-12-16 15:01:55.986866,13,352.0,670.0
2022-12-16 15:01:55.995866,13,345.0,673.0
2022-12-16 15:01:56.005819,13,339.0,676.0
2022-12-16 15:01:56.017117,13,333.0,681.0
2022-12-16 15:01:56.026860,13,327.0,685.0
2022-12-16 15:01:56.037130,13,320.0,691.0
2022-12-16 15:01:56.047244,13,316.0,694.0
2022-12-16 15:01:56.057015,13,309.0,698.0
2022-12-16 15:01:56.068241,13,304.0,702.0
2022-12-16 15:01:56.078366,13,300.0,706.0
2022-12-16 15:01:56.087371,13,296.0,709.0
2022-12-16 15:01:56.096533,13,292.0,713.0
2022-12-16 15:01:56.107555,13,288.0,717.0
2022-12-16 15:01:56.118312,13,282.0,723.0
2022-12-16 15:01:56.126381,13,277.0,728.0
2022-12-16 15:01:56.137018,13,274.0,733.0
2022-12-16 15:01:56.148165,13,268.0,739.0
2022-12-16 15:01:56.157851,13,265.0,744.0
2022-12-16 15:01:56.166860,13,260.0,749.0
2022-12-16 15:01:56.177217,13,257.0,752.0
2022-12-16 15:01:56.187965,13,253.0,756.0
2022-12-16 15:01:56.198247,13,251.0,758.0
2022-12-16 15:01:56.207235,13,249.0,759.0
2022-12-16 15:01:56.217077,13,249.0,760.0
2022-12-16 15:01:56.238061,13,248.0,761.0
2022-12-16 15:01:56.307870,13,247.0,762.0
2022-12-16 15:01:56.328255,13,246.0,763.0
2022-12-16 15:01:56.336740,13,245.0,763.0
2022-12-16 15:01:56.356742,13,244.0,764.0
2022-12-16 15:01:56.367723,13,243.0,764.0
2022-12-16 15:01:56.388160,13,242.0,765.0
2022-12-16 15:01:56.397863,13,239.0,766.0
2022-12-16 15:01:56.408915,13,237.0,767.0
2022-12-16 15:01:56.418862,13,235.0,768.0
2022-12-16 15:01:56.427836,13,232.0,769.0
2022-12-16 15:01:56.438159,13,230.0,770.0
2022-12-16 15:01:56.448992,13,229.0,770.0
2022-12-16 15:01:56.459054,13,226.0,771.0
2022-12-16 15:01:56.468509,13,225.0,772.0
2022-12-16 15:01:56.478255,13,221.0,772.0
2022-12-16 15:01:56.489158,13,216.0,774.0
2022-12-16 15:01:56.499254,13,215.0,774.0
2022-12-16 15:01:56.508291,13,211.0,774.0
2022-12-16 15:01:56.518346,13,210.0,774.0
2022-12-16 15:01:56.528525,13,209.0,775.0
2022-12-16 15:01:56.538554,13,208.0,775.0
2022-12-16 15:01:56.548533,13,205.0,776.0
2022-12-16 15:01:56.558568,13,202.0,776.0
2022-12-16 15:01:56.569233,13,200.0,777.0
2022-12-16 15:01:56.580290,13,199.0,777.0
2022-12-16 15:01:56.589417,13,198.0,778.0
2022-12-16 15:01:56.608956,13,196.0,778.0
2022-12-16 15:01:56.619966,13,195.0,778.0
2022-12-16 15:01:56.629879,13,193.0,780.0
2022-12-16 15:01:56.638910,13,192.0,780.0
2022-12-16 15:01:56.659990,13,189.0,782.0
2022-12-16 15:01:56.669992,13,187.0,783.0
2022-12-16 15:01:56.678893,13,186.0,784.0
2022-12-16 15:01:56.688951,13,185.0,784.0
2022-12-16 15:01:56.700083,13,184.0,785.0
2022-12-16 15:01:56.718621,13,182.0,785.0
2022-12-16 15:01:56.728813,13,181.0,786.0
2022-12-16 15:01:56.889553,13,179.0,786.0
2022-12-16 15:01:56.899771,13,179.0,787.0
2022-12-16 15:01:56.909762,13,180.0,789.0
2022-12-16 15:01:56.920498,13,181.0,790.0
2022-12-16 15:01:56.931378,13,184.0,793.0
2022-12-16 15:01:56.940467,13,185.0,795.0
2022-12-16 15:01:56.949587,13,187.0,796.0
2022-12-16 15:01:59.108682,14,1200.0,500.0
2022-12-16 15:01:59.118683,14,1198.0,498.0
2022-12-16 15:01:59.140219,14,1197.0,497.0
2022-12-16 15:01:59.150216,14,1195.0,496.0
2022-12-16 15:01:59.158918,14,1193.0,496.0
2022-12-16 15:01:59.170167,14,1190.0,496.0
2022-12-16 15:01:59.179988,14,1189.0,497.0
2022-12-16 15:01:59.189987,14,1187.0,498.0
2022-12-16 15:01:59.198998,14,1186.0,498.0
2022-12-16 15:01:59.209698,14,1185.0,499.0
2022-12-16 15:01:59.219733,14,1183.0,500.0
2022-12-16 15:01:59.229567,14,1182.0,500.0
2022-12-16 15:01:59.239613,14,1181.0,501.0
2022-12-16 15:01:59.249573,14,1179.0,502.0
2022-12-16 15:01:59.259596,14,1178.0,502.0
2022-12-16 15:01:59.270113,14,1176.0,504.0
2022-12-16 15:01:59.279238,14,1175.0,505.0
2022-12-16 15:01:59.289438,14,1174.0,506.0
2022-12-16 15:01:59.299603,14,1173.0,506.0
2022-12-16 15:01:59.309573,14,1172.0,508.0
2022-12-16 15:01:59.319561,14,1170.0,509.0
2022-12-16 15:01:59.328717,14,1169.0,509.0
2022-12-16 15:01:59.339688,14,1168.0,510.0
2022-12-16 15:01:59.349409,14,1167.0,510.0
2022-12-16 15:01:59.360071,14,1167.0,511.0
2022-12-16 15:01:59.369078,14,1166.0,512.0
2022-12-16 15:01:59.380272,14,1165.0,513.0
2022-12-16 15:01:59.389872,14,1164.0,513.0
2022-12-16 15:01:59.399882,14,1162.0,514.0
2022-12-16 15:01:59.419183,14,1162.0,515.0
2022-12-16 15:01:59.430216,14,1161.0,515.0
2022-12-16 15:01:59.450453,14,1160.0,515.0
2022-12-16 15:01:59.481297,14,1159.0,515.0
2022-12-16 15:01:59.491241,14,1158.0,516.0
2022-12-16 15:01:59.500236,14,1157.0,516.0
2022-12-16 15:01:59.510970,14,1155.0,516.0
2022-12-16 15:01:59.520982,14,1150.0,514.0
2022-12-16 15:01:59.530980,14,1144.0,511.0
2022-12-16 15:01:59.540243,14,1136.0,508.0
2022-12-16 15:01:59.550446,14,1133.0,507.0
2022-12-16 15:01:59.561255,14,1127.0,505.0
2022-12-16 15:01:59.571296,14,1126.0,504.0
2022-12-16 15:01:59.580322,14,1123.0,503.0
2022-12-16 15:01:59.590126,14,1122.0,502.0
2022-12-16 15:01:59.600720,14,1119.0,500.0
2022-12-16 15:01:59.620725,14,1118.0,500.0
2022-12-16 15:01:59.630979,14,1117.0,499.0
2022-12-16 15:01:59.642204,14,1115.0,499.0
2022-12-16 15:01:59.652042,14,1113.0,498.0
2022-12-16 15:01:59.662083,14,1112.0,498.0
2022-12-16 15:01:59.670889,14,1109.0,497.0
2022-12-16 15:01:59.681647,14,1108.0,497.0
2022-12-16 15:01:59.691669,14,1107.0,497.0
2022-12-16 15:01:59.701893,14,1106.0,497.0
2022-12-16 15:01:59.710900,14,1105.0,497.0
2022-12-16 15:01:59.721953,14,1104.0,497.0
2022-12-16 15:01:59.742162,14,1101.0,497.0
2022-12-16 15:01:59.751106,14,1100.0,497.0
2022-12-16 15:01:59.762196,14,1097.0,497.0
2022-12-16 15:01:59.771980,14,1096.0,497.0
2022-12-16 15:01:59.782050,14,1095.0,497.0
2022-12-16 15:01:59.791054,14,1093.0,497.0
2022-12-16 15:01:59.800962,14,1092.0,497.0
2022-12-16 15:01:59.812187,14,1091.0,498.0
2022-12-16 15:01:59.821963,14,1089.0,498.0
2022-12-16 15:01:59.831671,14,1088.0,498.0
2022-12-16 15:01:59.840678,14,1087.0,498.0
2022-12-16 15:01:59.851666,14,1086.0,498.0
2022-12-16 15:01:59.861678,14,1085.0,498.0
2022-12-16 15:01:59.881118,14,1084.0,498.0
2022-12-16 15:01:59.892175,14,1083.0,498.0
2022-12-16 15:01:59.982982,14,1082.0,498.0
2022-12-16 15:02:00.022475,14,1079.0,499.0
2022-12-16 15:02:00.051564,14,1078.0,499.0
2022-12-16 15:02:00.063073,14,1077.0,500.0
2022-12-16 15:02:00.073347,14,1076.0,500.0
2022-12-16 15:02:00.082820,14,1072.0,500.0
2022-12-16 15:02:00.091873,14,1068.0,500.0
2022-12-16 15:02:00.102681,14,1063.0,500.0
2022-12-16 15:02:00.112368,14,1056.0,501.0
2022-12-16 15:02:00.122546,14,1050.0,503.0
2022-12-16 15:02:00.132895,14,1046.0,503.0
2022-12-16 15:02:00.142993,14,1042.0,503.0
2022-12-16 15:02:00.154055,14,1041.0,503.0
2022-12-16 15:02:00.173711,14,1039.0,503.0
2022-12-16 15:02:00.182582,14,1038.0,503.0
2022-12-16 15:02:00.193592,14,1037.0,503.0
2022-12-16 15:02:00.234147,14,1035.0,503.0
2022-12-16 15:02:00.244306,14,1034.0,503.0
2022-12-16 15:02:00.263352,14,1033.0,503.0
2022-12-16 15:02:00.323749,14,1032.0,503.0
2022-12-16 15:02:00.333991,14,1031.0,503.0
2022-12-16 15:02:00.353401,14,1030.0,503.0
2022-12-16 15:02:00.374472,14,1029.0,503.0
2022-12-16 15:02:00.392570,14,1027.0,503.0
2022-12-16 15:02:00.404208,14,1026.0,503.0
2022-12-16 15:02:00.414075,14,1022.0,504.0
2022-12-16 15:02:00.423929,14,1020.0,504.0
2022-12-16 15:02:00.432923,14,1017.0,505.0
2022-12-16 15:02:00.443593,14,1016.0,505.0
2022-12-16 15:02:00.453663,14,1015.0,505.0
2022-12-16 15:02:00.473929,14,1014.0,507.0
2022-12-16 15:02:00.564219,14,1013.0,507.0
2022-12-16 15:02:00.585398,14,1012.0,508.0
2022-12-16 15:02:00.603397,14,1011.0,508.0
2022-12-16 15:02:00.614457,14,1009.0,509.0
2022-12-16 15:02:00.625243,14,1007.0,511.0
2022-12-16 15:02:00.635158,14,1006.0,512.0
2022-12-16 15:02:00.645069,14,1004.0,513.0
2022-12-16 15:02:00.656137,14,1001.0,514.0
2022-12-16 15:02:00.666235,14,1000.0,515.0
2022-12-16 15:02:00.676315,14,998.0,516.0
2022-12-16 15:02:00.685386,14,997.0,516.0
2022-12-16 15:02:00.705911,14,994.0,517.0
2022-12-16 15:02:00.715881,14,992.0,518.0
2022-12-16 15:02:00.735236,14,991.0,519.0
2022-12-16 15:02:00.746147,14,990.0,520.0
2022-12-16 15:02:00.756154,14,987.0,520.0
2022-12-16 15:02:00.766222,14,986.0,521.0
2022-12-16 15:02:00.775408,14,985.0,522.0
2022-12-16 15:02:00.785417,14,983.0,523.0
2022-12-16 15:02:00.796426,14,980.0,525.0
2022-12-16 15:02:00.805797,14,979.0,525.0
2022-12-16 15:02:00.814826,14,977.0,526.0
2022-12-16 15:02:00.825503,14,975.0,527.0
2022-12-16 15:02:00.836150,14,973.0,528.0
2022-12-16 15:02:00.846140,14,970.0,529.0
2022-12-16 15:02:00.865329,14,969.0,529.0
2022-12-16 15:02:00.904898,14,968.0,530.0
2022-12-16 15:02:00.925900,14,967.0,530.0
2022-12-16 15:02:00.936210,14,965.0,530.0
2022-12-16 15:02:00.945031,14,964.0,530.0
2022-12-16 15:02:00.956517,14,963.0,530.0
2022-12-16 15:02:00.966434,14,961.0,530.0
2022-12-16 15:02:00.976470,14,959.0,530.0
2022-12-16 15:02:00.985902,14,957.0,530.0
2022-12-16 15:02:00.997229,14,955.0,530.0
2022-12-16 15:02:01.007295,14,951.0,529.0
2022-12-16 15:02:01.017317,14,948.0,528.0
2022-12-16 15:02:01.027189,14,945.0,527.0
2022-12-16 15:02:01.036590,14,943.0,527.0
2022-12-16 15:02:01.046620,14,941.0,527.0
2022-12-16 15:02:01.056623,14,940.0,527.0
2022-12-16 15:02:01.075497,14,939.0,527.0
2022-12-16 15:02:01.087199,14,938.0,527.0
2022-12-16 15:02:01.097072,14,937.0,527.0
2022-12-16 15:02:01.107079,14,934.0,527.0
2022-12-16 15:02:01.116150,14,930.0,527.0
2022-12-16 15:02:01.127331,14,928.0,527.0
2022-12-16 15:02:01.136449,14,923.0,527.0
2022-12-16 15:02:01.146427,14,919.0,527.0
2022-12-16 15:02:01.157162,14,911.0,529.0
2022-12-16 15:02:01.167944,14,906.0,530.0
2022-12-16 15:02:01.177944,14,903.0,531.0
2022-12-16 15:02:01.188124,14,897.0,532.0
2022-12-16 15:02:01.198252,14,891.0,534.0
2022-12-16 15:02:01.207469,14,887.0,535.0
2022-12-16 15:02:01.218286,14,883.0,536.0
2022-12-16 15:02:01.228241,14,878.0,538.0
2022-12-16 15:02:01.238076,14,872.0,538.0
2022-12-16 15:02:01.247046,14,866.0,540.0
2022-12-16 15:02:01.258234,14,863.0,541.0
2022-12-16 15:02:01.268068,14,856.0,542.0
2022-12-16 15:02:01.278109,14,851.0,544.0
2022-12-16 15:02:01.286944,14,847.0,545.0
2022-12-16 15:02:01.297966,14,843.0,546.0
2022-12-16 15:02:01.307317,14,838.0,548.0
2022-12-16 15:02:01.318259,14,836.0,549.0
2022-12-16 15:02:01.327390,14,833.0,550.0
2022-12-16 15:02:01.338412,14,831.0,551.0
2022-12-16 15:02:01.347369,14,830.0,551.0
2022-12-16 15:02:01.376796,14,828.0,551.0
2022-12-16 15:02:01.388024,14,827.0,551.0
2022-12-16 15:02:01.408333,14,826.0,551.0
2022-12-16 15:02:01.417373,14,824.0,551.0
2022-12-16 15:02:01.427374,14,823.0,551.0
2022-12-16 15:02:01.438445,14,821.0,551.0
2022-12-16 15:02:01.447452,14,816.0,552.0
2022-12-16 15:02:01.457454,14,813.0,553.0
2022-12-16 15:02:01.466444,14,810.0,553.0
2022-12-16 15:02:01.477535,14,804.0,554.0
2022-12-16 15:02:01.487476,14,799.0,554.0
2022-12-16 15:02:01.498242,14,793.0,554.0
2022-12-16 15:02:01.508156,14,787.0,555.0
2022-12-16 15:02:01.519261,14,783.0,556.0
2022-12-16 15:02:01.529298,14,778.0,556.0
2022-12-16 15:02:01.538669,14,773.0,557.0
2022-12-16 15:02:01.547969,14,767.0,557.0
2022-12-16 15:02:01.558977,14,765.0,557.0
2022-12-16 15:02:01.568519,14,761.0,557.0
2022-12-16 15:02:01.579543,14,757.0,557.0
2022-12-16 15:02:01.587597,14,752.0,557.0
2022-12-16 15:02:01.598427,14,748.0,557.0
2022-12-16 15:02:01.609445,14,743.0,555.0
2022-12-16 15:02:01.619314,14,738.0,554.0
2022-12-16 15:02:01.627688,14,734.0,554.0
2022-12-16 15:02:01.637566,14,732.0,553.0
2022-12-16 15:02:01.648635,14,729.0,553.0
2022-12-16 15:02:01.658871,14,727.0,553.0
2022-12-16 15:02:01.668656,14,725.0,553.0
2022-12-16 15:02:01.678931,14,723.0,553.0
2022-12-16 15:02:01.689674,14,720.0,553.0
2022-12-16 15:02:01.700230,14,717.0,551.0
2022-12-16 15:02:01.710153,14,711.0,551.0
2022-12-16 15:02:01.719235,14,705.0,550.0
2022-12-16 15:02:01.730280,14,699.0,550.0
2022-12-16 15:02:01.739259,14,693.0,550.0
2022-12-16 15:02:01.750301,14,688.0,550.0
2022-12-16 15:02:01.759203,14,682.0,550.0
2022-12-16 15:02:01.769315,14,680.0,550.0
2022-12-16 15:02:01.779347,14,676.0,550.0
2022-12-16 15:02:01.790385,14,672.0,550.0
2022-12-16 15:02:01.798960,14,669.0,551.0
2022-12-16 15:02:01.809018,14,668.0,551.0
2022-12-16 15:02:01.820020,14,667.0,551.0
2022-12-16 15:02:01.830047,14,665.0,552.0
2022-12-16 15:02:01.839054,14,664.0,552.0
2022-12-16 15:02:01.849055,14,663.0,553.0
2022-12-16 15:02:01.860192,14,662.0,554.0
2022-12-16 15:02:01.869423,14,661.0,554.0
2022-12-16 15:02:01.880242,14,660.0,555.0
2022-12-16 15:02:01.899829,14,659.0,555.0
2022-12-16 15:02:01.909789,14,658.0,556.0
2022-12-16 15:02:01.959977,14,657.0,556.0
2022-12-16 15:02:01.979080,14,656.0,557.0
2022-12-16 15:02:01.990225,14,655.0,558.0
2022-12-16 15:02:01.999874,14,653.0,558.0
2022-12-16 15:02:02.009845,14,652.0,559.0
2022-12-16 15:02:02.019682,14,649.0,560.0
2022-12-16 15:02:02.030564,14,646.0,563.0
2022-12-16 15:02:02.040571,14,643.0,566.0
2022-12-16 15:02:02.051263,14,639.0,568.0
2022-12-16 15:02:02.060258,14,636.0,569.0
2022-12-16 15:02:02.070793,14,635.0,570.0
2022-12-16 15:02:02.081051,14,633.0,571.0
2022-12-16 15:02:02.090922,14,631.0,571.0
2022-12-16 15:02:02.099996,14,631.0,572.0
2022-12-16 15:02:02.109995,14,630.0,572.0
2022-12-16 15:02:02.121233,14,629.0,572.0
2022-12-16 15:02:02.130655,14,627.0,573.0
2022-12-16 15:02:02.139654,14,624.0,573.0
2022-12-16 15:02:02.149488,14,622.0,574.0
2022-12-16 15:02:02.161107,14,618.0,575.0
2022-12-16 15:02:02.171113,14,613.0,576.0
2022-12-16 15:02:02.181237,14,610.0,578.0
2022-12-16 15:02:02.190571,14,604.0,578.0
2022-12-16 15:02:02.201789,14,602.0,580.0
2022-12-16 15:02:02.211769,14,599.0,580.0
2022-12-16 15:02:02.221814,14,598.0,582.0
2022-12-16 15:02:02.242402,14,596.0,583.0
2022-12-16 15:02:02.252120,14,595.0,584.0
2022-12-16 15:02:02.262118,14,594.0,584.0
2022-12-16 15:02:02.271220,14,593.0,585.0
2022-12-16 15:02:02.282065,14,591.0,585.0
2022-12-16 15:02:02.292149,14,590.0,586.0
2022-12-16 15:02:02.301451,14,588.0,587.0
2022-12-16 15:02:02.311244,14,587.0,588.0
2022-12-16 15:02:02.320953,14,585.0,589.0
2022-12-16 15:02:02.331935,14,582.0,590.0
2022-12-16 15:02:02.341872,14,581.0,591.0
2022-12-16 15:02:02.360914,14,578.0,593.0
2022-12-16 15:02:02.371925,14,576.0,593.0
2022-12-16 15:02:02.382089,14,576.0,594.0
2022-12-16 15:02:02.392153,14,575.0,594.0
2022-12-16 15:02:02.440936,14,574.0,594.0
2022-12-16 15:02:02.450835,14,573.0,594.0
2022-12-16 15:02:02.462355,14,572.0,595.0
2022-12-16 15:02:02.472132,14,571.0,595.0
2022-12-16 15:02:02.480886,14,570.0,595.0
2022-12-16 15:02:02.672755,14,568.0,596.0
2022-12-16 15:02:02.682752,14,569.0,598.0
2022-12-16 15:02:02.692755,14,574.0,599.0
2022-12-16 15:02:02.702954,14,577.0,601.0
2022-12-16 15:02:02.714047,14,581.0,601.0
2022-12-16 15:02:02.723841,14,584.0,601.0
2022-12-16 15:02:02.733890,14,586.0,601.0
2022-12-16 15:02:05.124501,15,1100.0,200.0
2022-12-16 15:02:05.131192,15,1098.0,202.0
2022-12-16 15:02:05.143312,15,1096.0,205.0
2022-12-16 15:02:05.154217,15,1094.0,207.0
2022-12-16 15:02:05.163719,15,1093.0,208.0
2022-12-16 15:02:05.192706,15,1092.0,209.0
2022-12-16 15:02:05.222154,15,1091.0,211.0
2022-12-16 15:02:05.233196,15,1090.0,211.0
2022-12-16 15:02:05.253385,15,1090.0,212.0
2022-12-16 15:02:05.262406,15,1089.0,214.0
2022-12-16 15:02:05.273417,15,1088.0,215.0
2022-12-16 15:02:05.284070,15,1086.0,218.0
2022-12-16 15:02:05.294127,15,1085.0,220.0
2022-12-16 15:02:05.303113,15,1082.0,226.0
2022-12-16 15:02:05.314136,15,1080.0,233.0
2022-12-16 15:02:05.324220,15,1077.0,241.0
2022-12-16 15:02:05.333439,15,1072.0,247.0
2022-12-16 15:02:05.343437,15,1069.0,254.0
2022-12-16 15:02:05.354438,15,1068.0,257.0
2022-12-16 15:02:05.363498,15,1066.0,263.0
2022-12-16 15:02:05.373474,15,1065.0,266.0
2022-12-16 15:02:05.383195,15,1063.0,269.0
2022-12-16 15:02:05.394222,15,1063.0,271.0
2022-12-16 15:02:05.404268,15,1063.0,272.0
2022-12-16 15:02:05.414263,15,1061.0,275.0
2022-12-16 15:02:05.423315,15,1061.0,276.0
2022-12-16 15:02:05.432338,15,1061.0,277.0
2022-12-16 15:02:05.443455,15,1061.0,279.0
2022-12-16 15:02:05.454194,15,1061.0,281.0
2022-12-16 15:02:05.464057,15,1061.0,284.0
2022-12-16 15:02:05.472492,15,1060.0,290.0
2022-12-16 15:02:05.484022,15,1060.0,295.0
2022-12-16 15:02:05.493828,15,1060.0,300.0
2022-12-16 15:02:05.503791,15,1060.0,308.0
2022-12-16 15:02:05.512791,15,1060.0,314.0
2022-12-16 15:02:05.523604,15,1060.0,320.0
2022-12-16 15:02:05.534642,15,1060.0,322.0
2022-12-16 15:02:05.543612,15,1060.0,326.0
2022-12-16 15:02:05.553525,15,1061.0,332.0
2022-12-16 15:02:05.563554,15,1062.0,334.0
2022-12-16 15:02:05.573895,15,1063.0,340.0
2022-12-16 15:02:05.583819,15,1064.0,343.0
2022-12-16 15:02:05.593581,15,1066.0,348.0
2022-12-16 15:02:05.603586,15,1066.0,350.0
2022-12-16 15:02:05.615325,15,1066.0,351.0
2022-12-16 15:02:05.624917,15,1066.0,354.0
2022-12-16 15:02:05.634916,15,1066.0,356.0
2022-12-16 15:02:05.644145,15,1066.0,359.0
2022-12-16 15:02:05.655217,15,1066.0,361.0
2022-12-16 15:02:05.665178,15,1066.0,363.0
2022-12-16 15:02:05.675183,15,1066.0,364.0
2022-12-16 15:02:05.684288,15,1066.0,366.0
2022-12-16 15:02:05.695033,15,1066.0,368.0
2022-12-16 15:02:05.705030,15,1066.0,370.0
2022-12-16 15:02:05.715322,15,1066.0,374.0
2022-12-16 15:02:05.723434,15,1066.0,378.0
2022-12-16 15:02:05.735263,15,1066.0,380.0
2022-12-16 15:02:05.744365,15,1066.0,384.0
2022-12-16 15:02:05.754818,15,1066.0,387.0
2022-12-16 15:02:05.764553,15,1066.0,393.0
2022-12-16 15:02:05.774879,15,1066.0,397.0
2022-12-16 15:02:05.786095,15,1065.0,404.0
2022-12-16 15:02:05.795896,15,1064.0,410.0
2022-12-16 15:02:05.805898,15,1062.0,421.0
2022-12-16 15:02:05.815171,15,1062.0,428.0
2022-12-16 15:02:05.825898,15,1060.0,434.0
2022-12-16 15:02:05.835904,15,1059.0,441.0
2022-12-16 15:02:05.845894,15,1058.0,445.0
2022-12-16 15:02:05.854862,15,1057.0,449.0
2022-12-16 15:02:05.865863,15,1056.0,450.0
2022-12-16 15:02:05.875935,15,1055.0,451.0
2022-12-16 15:02:05.886222,15,1055.0,454.0
2022-12-16 15:02:05.906295,15,1054.0,456.0
2022-12-16 15:02:05.916307,15,1053.0,459.0
2022-12-16 15:02:05.926313,15,1053.0,461.0
2022-12-16 15:02:05.934332,15,1051.0,463.0
2022-12-16 15:02:05.945100,15,1051.0,465.0
2022-12-16 15:02:05.955799,15,1048.0,470.0
2022-12-16 15:02:05.965810,15,1047.0,475.0
2022-12-16 15:02:05.975512,15,1045.0,477.0
2022-12-16 15:02:05.985323,15,1044.0,482.0
2022-12-16 15:02:05.996294,15,1043.0,485.0
2022-12-16 15:02:06.006295,15,1041.0,486.0
2022-12-16 15:02:06.016425,15,1041.0,489.0
2022-12-16 15:02:06.024492,15,1041.0,490.0
2022-12-16 15:02:06.035817,15,1041.0,491.0
2022-12-16 15:02:06.055946,15,1041.0,492.0
2022-12-16 15:02:06.075719,15,1041.0,493.0
2022-12-16 15:02:06.085910,15,1041.0,494.0
2022-12-16 15:02:06.095911,15,1040.0,497.0
2022-12-16 15:02:06.106299,15,1039.0,498.0
2022-12-16 15:02:06.115917,15,1039.0,499.0
2022-12-16 15:02:06.126907,15,1039.0,501.0
2022-12-16 15:02:06.137103,15,1037.0,502.0
2022-12-16 15:02:06.146872,15,1037.0,503.0
2022-12-16 15:02:06.155861,15,1036.0,504.0
2022-12-16 15:02:06.166577,15,1036.0,505.0
2022-12-16 15:02:06.186896,15,1035.0,505.0
2022-12-16 15:02:06.217902,15,1035.0,506.0
2022-12-16 15:02:06.226932,15,1034.0,507.0
2022-12-16 15:02:06.236418,15,1033.0,508.0
2022-12-16 15:02:06.247344,15,1032.0,509.0
2022-12-16 15:02:06.256411,15,1030.0,511.0
2022-12-16 15:02:06.266388,15,1027.0,514.0
2022-12-16 15:02:06.276816,15,1023.0,518.0
2022-12-16 15:02:06.286753,15,1019.0,522.0
2022-12-16 15:02:06.298008,15,1014.0,527.0
2022-12-16 15:02:06.308452,15,1008.0,533.0
2022-12-16 15:02:06.318471,15,1004.0,537.0
2022-12-16 15:02:06.327853,15,1001.0,540.0
2022-12-16 15:02:06.338367,15,1000.0,541.0
2022-12-16 15:02:06.348408,15,999.0,542.0
2022-12-16 15:02:06.447442,15,998.0,543.0
2022-12-16 15:02:06.456548,15,997.0,543.0
2022-12-16 15:02:06.467614,15,996.0,543.0
2022-12-16 15:02:06.477606,15,996.0,544.0
2022-12-16 15:02:06.488052,15,995.0,544.0
2022-12-16 15:02:06.507922,15,994.0,545.0
2022-12-16 15:02:06.527541,15,993.0,545.0
2022-12-16 15:02:06.558224,15,992.0,545.0
2022-12-16 15:02:06.568411,15,991.0,545.0
2022-12-16 15:02:06.588463,15,990.0,545.0
2022-12-16 15:02:06.598870,15,989.0,545.0
2022-12-16 15:02:06.607850,15,988.0,545.0
2022-12-16 15:02:06.618198,15,987.0,545.0
2022-12-16 15:02:06.628272,15,986.0,545.0
2022-12-16 15:02:06.660406,15,985.0,544.0
2022-12-16 15:02:06.668444,15,984.0,544.0
2022-12-16 15:02:06.688855,15,984.0,543.0
2022-12-16 15:02:06.699039,15,983.0,542.0
2022-12-16 15:02:06.708148,15,982.0,542.0
2022-12-16 15:02:06.748893,15,982.0,541.0
2022-12-16 15:02:06.759346,15,981.0,540.0
2022-12-16 15:02:06.769483,15,980.0,540.0
2022-12-16 15:02:06.778969,15,979.0,539.0
2022-12-16 15:02:06.789247,15,979.0,538.0
2022-12-16 15:02:06.799325,15,978.0,537.0
2022-12-16 15:02:06.810384,15,977.0,537.0
2022-12-16 15:02:06.820255,15,976.0,536.0
2022-12-16 15:02:06.829825,15,975.0,535.0
2022-12-16 15:02:06.838881,15,974.0,534.0
2022-12-16 15:02:06.849951,15,973.0,532.0
2022-12-16 15:02:06.859960,15,972.0,531.0
2022-12-16 15:02:06.870214,15,969.0,529.0
2022-12-16 15:02:06.879322,15,967.0,528.0
2022-12-16 15:02:06.890378,15,964.0,527.0
2022-12-16 15:02:06.899974,15,962.0,526.0
2022-12-16 15:02:06.909544,15,959.0,523.0
2022-12-16 15:02:06.918552,15,958.0,523.0
2022-12-16 15:02:06.929596,15,958.0,522.0
2022-12-16 15:02:06.959190,15,957.0,522.0
2022-12-16 15:02:06.969452,15,956.0,521.0
2022-12-16 15:02:06.979273,15,955.0,521.0
2022-12-16 15:02:06.989967,15,953.0,520.0
2022-12-16 15:02:07.000198,15,951.0,519.0
2022-12-16 15:02:07.008933,15,948.0,518.0
2022-12-16 15:02:07.019972,15,947.0,517.0
2022-12-16 15:02:07.030202,15,946.0,517.0
2022-12-16 15:02:07.040202,15,945.0,517.0
2022-12-16 15:02:07.059954,15,943.0,517.0
2022-12-16 15:02:07.070233,15,942.0,516.0
2022-12-16 15:02:07.079990,15,941.0,516.0
2022-12-16 15:02:07.089219,15,940.0,516.0
2022-12-16 15:02:07.100294,15,939.0,516.0
2022-12-16 15:02:07.109828,15,936.0,516.0
2022-12-16 15:02:07.119861,15,930.0,516.0
2022-12-16 15:02:07.129824,15,927.0,516.0
2022-12-16 15:02:07.141279,15,919.0,518.0
2022-12-16 15:02:07.150325,15,914.0,520.0
2022-12-16 15:02:07.161251,15,908.0,522.0
2022-12-16 15:02:07.171210,15,902.0,523.0
2022-12-16 15:02:07.180251,15,898.0,525.0
2022-12-16 15:02:07.191145,15,896.0,526.0
2022-12-16 15:02:07.201218,15,893.0,527.0
2022-12-16 15:02:07.211209,15,889.0,529.0
2022-12-16 15:02:07.220210,15,887.0,530.0
2022-12-16 15:02:07.230719,15,884.0,531.0
2022-12-16 15:02:07.240755,15,879.0,533.0
2022-12-16 15:02:07.250755,15,873.0,535.0
2022-12-16 15:02:07.259733,15,869.0,538.0
2022-12-16 15:02:07.270689,15,864.0,540.0
2022-12-16 15:02:07.280771,15,859.0,543.0
2022-12-16 15:02:07.291206,15,855.0,546.0
2022-12-16 15:02:07.301215,15,850.0,547.0
2022-12-16 15:02:07.312253,15,846.0,548.0
2022-12-16 15:02:07.322252,15,841.0,550.0
2022-12-16 15:02:07.332283,15,838.0,551.0
2022-12-16 15:02:07.341320,15,837.0,551.0
2022-12-16 15:02:07.350348,15,835.0,553.0
2022-12-16 15:02:07.361645,15,834.0,553.0
2022-12-16 15:02:07.371455,15,833.0,553.0
2022-12-16 15:02:07.390396,15,832.0,554.0
2022-12-16 15:02:07.411661,15,831.0,554.0
2022-12-16 15:02:07.421847,15,830.0,554.0
2022-12-16 15:02:07.430684,15,828.0,554.0
2022-12-16 15:02:07.441766,15,826.0,554.0
2022-12-16 15:02:07.451477,15,822.0,556.0
2022-12-16 15:02:07.462367,15,816.0,557.0
2022-12-16 15:02:07.470364,15,813.0,559.0
2022-12-16 15:02:07.481729,15,807.0,560.0
2022-12-16 15:02:07.491838,15,803.0,562.0
2022-12-16 15:02:07.501847,15,797.0,563.0
2022-12-16 15:02:07.511845,15,791.0,565.0
2022-12-16 15:02:07.520670,15,787.0,568.0
2022-12-16 15:02:07.531957,15,785.0,570.0
2022-12-16 15:02:07.541706,15,782.0,572.0
2022-12-16 15:02:07.551902,15,776.0,576.0
2022-12-16 15:02:07.560900,15,773.0,579.0
2022-12-16 15:02:07.571933,15,770.0,581.0
2022-12-16 15:02:07.581942,15,766.0,585.0
2022-12-16 15:02:07.591908,15,760.0,591.0
2022-12-16 15:02:07.600907,15,757.0,597.0
2022-12-16 15:02:07.611643,15,754.0,601.0
2022-12-16 15:02:07.621869,15,753.0,602.0
2022-12-16 15:02:07.631849,15,752.0,606.0
2022-12-16 15:02:07.663182,15,750.0,607.0
2022-12-16 15:02:07.722796,15,750.0,608.0
2022-12-16 15:02:07.732086,15,749.0,610.0
2022-12-16 15:02:07.742861,15,748.0,610.0
2022-12-16 15:02:07.753151,15,748.0,612.0
2022-12-16 15:02:07.763115,15,747.0,614.0
2022-12-16 15:02:07.772100,15,744.0,620.0
2022-12-16 15:02:07.783244,15,741.0,623.0
2022-12-16 15:02:07.793207,15,738.0,629.0
2022-12-16 15:02:07.802399,15,735.0,634.0
2022-12-16 15:02:07.813273,15,730.0,639.0
2022-12-16 15:02:07.823931,15,725.0,644.0
2022-12-16 15:02:07.833894,15,722.0,650.0
2022-12-16 15:02:07.843901,15,719.0,654.0
2022-12-16 15:02:07.853918,15,714.0,659.0
2022-12-16 15:02:07.862645,15,711.0,662.0
2022-12-16 15:02:07.873652,15,707.0,666.0
2022-12-16 15:02:07.884166,15,704.0,669.0
2022-12-16 15:02:07.893993,15,699.0,674.0
2022-12-16 15:02:07.902834,15,696.0,677.0
2022-12-16 15:02:07.913342,15,692.0,681.0
2022-12-16 15:02:07.923894,15,689.0,684.0
2022-12-16 15:02:07.933493,15,685.0,687.0
2022-12-16 15:02:07.942498,15,683.0,690.0
2022-12-16 15:02:07.954199,15,680.0,693.0
2022-12-16 15:02:07.963893,15,676.0,697.0
2022-12-16 15:02:07.973899,15,671.0,702.0
2022-12-16 15:02:07.982901,15,668.0,705.0
2022-12-16 15:02:07.994228,15,666.0,707.0
2022-12-16 15:02:08.004215,15,663.0,710.0
2022-12-16 15:02:08.013798,15,662.0,711.0
2022-12-16 15:02:08.024168,15,660.0,713.0
2022-12-16 15:02:08.032903,15,658.0,715.0
2022-12-16 15:02:08.043941,15,656.0,716.0
2022-12-16 15:02:08.053966,15,654.0,719.0
2022-12-16 15:02:08.064436,15,652.0,721.0
2022-12-16 15:02:08.073797,15,651.0,722.0
2022-12-16 15:02:08.083824,15,649.0,724.0
2022-12-16 15:02:08.094467,15,647.0,726.0
2022-12-16 15:02:08.103443,15,644.0,729.0
2022-12-16 15:02:08.113142,15,642.0,731.0
2022-12-16 15:02:08.124289,15,640.0,733.0
2022-12-16 15:02:08.134128,15,637.0,736.0
2022-12-16 15:02:08.143299,15,634.0,739.0
2022-12-16 15:02:08.154124,15,632.0,740.0
2022-12-16 15:02:08.164751,15,629.0,742.0
2022-12-16 15:02:08.174821,15,625.0,746.0
2022-12-16 15:02:08.185055,15,622.0,749.0
2022-12-16 15:02:08.195162,15,619.0,752.0
2022-12-16 15:02:08.204118,15,616.0,754.0
2022-12-16 15:02:08.214999,15,612.0,758.0
2022-12-16 15:02:08.225502,15,610.0,761.0
2022-12-16 15:02:08.234418,15,605.0,764.0
2022-12-16 15:02:08.243424,15,602.0,767.0
2022-12-16 15:02:08.255253,15,599.0,770.0
2022-12-16 15:02:08.265093,15,596.0,773.0
2022-12-16 15:02:08.275107,15,593.0,775.0
2022-12-16 15:02:08.284130,15,590.0,778.0
2022-12-16 15:02:08.294774,15,588.0,780.0
2022-12-16 15:02:08.304760,15,585.0,784.0
2022-12-16 15:02:08.314962,15,582.0,787.0
2022-12-16 15:02:08.324870,15,579.0,790.0
2022-12-16 15:02:08.335648,15,576.0,793.0
2022-12-16 15:02:08.345886,15,573.0,796.0
2022-12-16 15:02:08.356141,15,570.0,799.0
2022-12-16 15:02:08.366349,15,567.0,801.0
2022-12-16 15:02:08.374421,15,564.0,804.0
2022-12-16 15:02:08.386389,15,562.0,806.0
2022-12-16 15:02:08.397262,15,560.0,809.0
2022-12-16 15:02:08.406313,15,557.0,812.0
2022-12-16 15:02:08.414742,15,554.0,815.0
2022-12-16 15:02:08.425970,15,551.0,818.0
2022-12-16 15:02:08.436015,15,548.0,821.0
2022-12-16 15:02:08.446171,15,545.0,824.0
2022-12-16 15:02:08.455324,15,542.0,826.0
2022-12-16 15:02:08.465691,15,540.0,828.0
2022-12-16 15:02:08.475733,15,537.0,831.0
2022-12-16 15:02:08.485557,15,536.0,833.0
2022-12-16 15:02:08.494236,15,533.0,836.0
2022-12-16 15:02:08.506241,15,532.0,837.0
2022-12-16 15:02:08.516274,15,529.0,840.0
2022-12-16 15:02:08.526398,15,526.0,843.0
2022-12-16 15:02:08.535407,15,524.0,845.0
2022-12-16 15:02:08.545556,15,522.0,846.0
2022-12-16 15:02:08.556288,15,519.0,850.0
2022-12-16 15:02:08.565292,15,518.0,851.0
2022-12-16 15:02:08.576160,15,517.0,854.0
2022-12-16 15:02:08.584992,15,516.0,856.0
2022-12-16 15:02:08.596014,15,515.0,856.0
2022-12-16 15:02:08.606062,15,515.0,857.0
2022-12-16 15:02:08.666153,15,514.0,858.0
2022-12-16 15:02:08.677140,15,513.0,858.0
2022-12-16 15:02:08.687170,15,512.0,859.0
2022-12-16 15:02:08.696767,15,512.0,860.0
2022-12-16 15:02:08.706502,15,511.0,861.0
2022-12-16 15:02:08.716544,15,510.0,861.0
2022-12-16 15:02:08.726513,15,509.0,862.0
2022-12-16 15:02:08.737044,15,506.0,865.0
2022-12-16 15:02:08.747253,15,504.0,868.0
2022-12-16 15:02:08.755938,15,499.0,873.0
2022-12-16 15:02:08.766764,15,495.0,877.0
2022-12-16 15:02:08.776762,15,489.0,883.0
2022-12-16 15:02:08.787185,15,485.0,887.0
2022-12-16 15:02:08.795385,15,481.0,890.0
2022-12-16 15:02:08.807334,15,479.0,892.0
2022-12-16 15:02:08.816446,15,478.0,893.0
2022-12-16 15:02:08.877984,15,477.0,895.0
2022-12-16 15:02:08.907539,15,476.0,895.0
2022-12-16 15:02:08.917418,15,476.0,896.0
2022-12-16 15:02:08.937974,15,476.0,897.0
2022-12-16 15:02:08.948000,15,477.0,898.0
2022-12-16 15:02:08.957671,15,477.0,899.0
2022-12-16 15:02:08.977621,15,477.0,900.0
2022-12-16 15:02:08.987841,15,478.0,901.0
2022-12-16 15:02:08.997617,15,478.0,902.0
2022-12-16 15:02:09.037814,15,479.0,903.0
2022-12-16 15:02:09.048027,15,480.0,904.0
2022-12-16 15:02:09.057076,15,481.0,905.0
2022-12-16 15:02:09.068071,15,481.0,906.0
2022-12-16 15:02:09.078201,15,483.0,907.0
2022-12-16 15:02:09.087953,15,484.0,908.0
2022-12-16 15:02:09.096961,15,484.0,909.0
2022-12-16 15:02:09.239393,15,485.0,909.0
2022-12-16 15:02:09.268293,15,486.0,909.0
2022-12-16 15:02:09.289382,15,487.0,909.0
2022-12-16 15:02:09.298400,15,488.0,909.0
2022-12-16 15:02:11.819263,11,801.0,701.0
2022-12-16 15:02:11.828470,11,801.0,702.0
2022-12-16 15:02:11.839526,11,802.0,703.0
2022-12-16 15:02:11.848531,11,803.0,705.0
2022-12-16 15:02:11.878463,11,804.0,706.0
2022-12-16 15:02:11.889192,11,805.0,706.0
2022-12-16 15:02:11.909396,11,806.0,706.0
2022-12-16 15:02:11.920313,11,807.0,706.0
2022-12-16 15:02:11.930346,11,810.0,706.0
2022-12-16 15:02:11.939527,11,811.0,706.0
2022-12-16 15:02:11.950533,11,813.0,705.0
2022-12-16 15:02:11.969825,11,815.0,704.0
2022-12-16 15:02:11.979834,11,816.0,703.0
2022-12-16 15:02:11.989522,11,818.0,703.0
2022-12-16 15:02:12.000088,11,819.0,702.0
2022-12-16 15:02:12.010125,11,820.0,702.0
2022-12-16 15:02:12.020126,11,821.0,702.0
2022-12-16 15:02:12.030447,11,823.0,700.0
2022-12-16 15:02:12.038524,11,824.0,700.0
2022-12-16 15:02:12.049531,11,825.0,699.0
2022-12-16 15:02:12.059295,11,829.0,697.0
2022-12-16 15:02:12.070299,11,831.0,696.0
2022-12-16 15:02:12.079344,11,833.0,695.0
2022-12-16 15:02:12.089648,11,836.0,693.0
2022-12-16 15:02:12.099523,11,839.0,691.0
2022-12-16 15:02:12.109531,11,842.0,690.0
2022-12-16 15:02:12.120447,11,844.0,689.0
2022-12-16 15:02:12.129661,11,846.0,688.0
2022-12-16 15:02:12.139631,11,848.0,686.0
2022-12-16 15:02:12.149884,11,849.0,685.0
2022-12-16 15:02:12.168660,11,852.0,684.0
2022-12-16 15:02:12.179705,11,854.0,682.0
2022-12-16 15:02:12.189494,11,855.0,681.0
2022-12-16 15:02:12.199469,11,857.0,680.0
2022-12-16 15:02:12.208475,11,858.0,679.0
2022-12-16 15:02:12.220486,11,859.0,678.0
2022-12-16 15:02:12.229754,11,861.0,677.0
2022-12-16 15:02:12.240025,11,862.0,676.0
2022-12-16 15:02:12.249498,11,863.0,674.0
2022-12-16 15:02:12.261040,11,864.0,673.0
2022-12-16 15:02:12.271040,11,865.0,672.0
2022-12-16 15:02:12.281133,11,866.0,672.0
2022-12-16 15:02:12.290232,11,866.0,671.0
2022-12-16 15:02:12.310882,11,867.0,670.0
2022-12-16 15:02:12.320887,11,868.0,670.0
2022-12-16 15:02:12.330913,11,869.0,669.0
2022-12-16 15:02:12.340435,11,870.0,668.0
2022-12-16 15:02:12.350725,11,870.0,667.0
2022-12-16 15:02:12.360729,11,871.0,666.0
2022-12-16 15:02:12.370963,11,872.0,665.0
2022-12-16 15:02:12.379661,11,872.0,664.0
2022-12-16 15:02:12.390621,11,873.0,662.0
2022-12-16 15:02:12.400622,11,873.0,661.0
2022-12-16 15:02:12.420719,11,875.0,660.0
2022-12-16 15:02:12.432273,11,876.0,659.0
2022-12-16 15:02:12.442018,11,876.0,657.0
2022-12-16 15:02:12.461966,11,876.0,656.0
2022-12-16 15:02:12.482131,11,877.0,655.0
2022-12-16 15:02:12.492124,11,877.0,654.0
2022-12-16 15:02:12.511694,11,877.0,651.0
2022-12-16 15:02:12.531821,11,878.0,650.0
2022-12-16 15:02:12.550697,11,879.0,649.0
2022-12-16 15:02:12.562225,11,880.0,648.0
2022-12-16 15:02:12.582415,11,880.0,647.0
2022-12-16 15:02:12.601655,11,880.0,645.0
2022-12-16 15:02:12.611901,11,881.0,644.0
2022-12-16 15:02:12.621698,11,881.0,643.0
2022-12-16 15:02:12.631702,11,882.0,641.0
2022-12-16 15:02:12.641889,11,882.0,639.0
2022-12-16 15:02:12.701966,11,882.0,638.0
2022-12-16 15:02:12.732059,11,882.0,637.0
2022-12-16 15:02:12.742190,11,882.0,636.0
2022-12-16 15:02:12.751446,11,884.0,635.0
2022-12-16 15:02:12.761456,11,884.0,633.0
2022-12-16 15:02:12.773501,11,884.0,632.0
2022-12-16 15:02:12.782580,11,885.0,631.0
2022-12-16 15:02:12.792506,11,886.0,630.0
2022-12-16 15:02:12.802503,11,886.0,629.0
2022-12-16 15:02:12.813036,11,887.0,628.0
2022-12-16 15:02:12.823045,11,887.0,627.0
2022-12-16 15:02:12.833051,11,888.0,625.0
2022-12-16 15:02:12.843121,11,888.0,624.0
2022-12-16 15:02:12.852741,11,889.0,623.0
2022-12-16 15:02:12.872783,11,890.0,621.0
2022-12-16 15:02:12.882692,11,890.0,619.0
2022-12-16 15:02:12.892699,11,890.0,618.0
2022-12-16 15:02:12.912945,11,891.0,617.0
2022-12-16 15:02:12.923109,11,891.0,615.0
2022-12-16 15:02:12.933146,11,891.0,613.0
2022-12-16 15:02:12.943998,11,891.0,612.0
2022-12-16 15:02:12.954041,11,892.0,611.0
2022-12-16 15:02:12.963929,11,893.0,609.0
2022-12-16 15:02:12.974171,11,893.0,608.0
2022-12-16 15:02:12.983917,11,894.0,607.0
2022-12-16 15:02:13.004193,11,894.0,606.0
2022-12-16 15:02:13.054107,11,894.0,605.0
2022-12-16 15:02:13.063835,11,895.0,604.0
2022-12-16 15:02:13.073778,11,895.0,603.0
2022-12-16 15:02:13.093745,11,895.0,602.0
2022-12-16 15:02:13.102999,11,896.0,601.0
2022-12-16 15:02:13.114109,11,896.0,599.0
2022-12-16 15:02:13.123783,11,896.0,598.0
2022-12-16 15:02:13.133783,11,896.0,597.0
2022-12-16 15:02:13.164329,11,896.0,596.0
2022-12-16 15:02:13.184254,11,896.0,595.0
2022-12-16 15:02:13.204187,11,897.0,594.0
2022-12-16 15:02:13.213709,11,897.0,593.0
2022-12-16 15:02:13.223785,11,898.0,593.0
2022-12-16 15:02:13.234194,11,898.0,592.0
2022-12-16 15:02:13.244278,11,899.0,592.0
2022-12-16 15:02:13.275651,11,899.0,591.0
2022-12-16 15:02:13.294944,11,900.0,590.0
2022-12-16 15:02:13.305191,11,902.0,588.0
2022-12-16 15:02:13.324750,11,903.0,587.0
2022-12-16 15:02:13.335094,11,904.0,586.0
2022-12-16 15:02:13.355031,11,904.0,585.0
2022-12-16 15:02:13.385003,11,904.0,584.0
2022-12-16 15:02:13.394318,11,904.0,583.0
2022-12-16 15:02:13.405147,11,905.0,582.0
2022-12-16 15:02:13.414454,11,905.0,581.0
2022-12-16 15:02:13.425450,11,906.0,580.0
2022-12-16 15:02:13.435523,11,909.0,577.0
2022-12-16 15:02:13.445809,11,914.0,572.0
2022-12-16 15:02:13.455520,11,919.0,567.0
2022-12-16 15:02:13.465762,11,923.0,563.0
2022-12-16 15:02:13.475695,11,927.0,557.0
2022-12-16 15:02:13.485733,11,931.0,553.0
2022-12-16 15:02:13.495979,11,933.0,548.0
2022-12-16 15:02:13.526253,11,935.0,547.0
2022-12-16 15:02:13.595540,11,936.0,546.0
2022-12-16 15:02:13.696264,11,937.0,545.0
2022-12-16 15:02:13.735639,11,938.0,544.0
2022-12-16 15:02:13.775630,11,939.0,543.0
2022-12-16 15:02:13.797055,11,940.0,542.0
2022-12-16 15:02:13.806918,11,942.0,541.0
2022-12-16 15:02:13.817190,11,944.0,540.0
2022-12-16 15:02:13.827951,11,947.0,540.0
2022-12-16 15:02:13.836612,11,949.0,538.0
2022-12-16 15:02:13.846601,11,954.0,537.0
2022-12-16 15:02:13.856747,11,957.0,535.0
2022-12-16 15:02:13.867274,11,963.0,534.0
2022-12-16 15:02:13.877089,11,969.0,530.0
2022-12-16 15:02:13.887030,11,975.0,528.0
2022-12-16 15:02:13.896737,11,981.0,526.0
2022-12-16 15:02:13.906728,11,989.0,523.0
2022-12-16 15:02:13.916834,11,997.0,519.0
2022-12-16 15:02:13.926843,11,1004.0,516.0
2022-12-16 15:02:13.936850,11,1009.0,513.0
2022-12-16 15:02:13.946394,11,1016.0,509.0
2022-12-16 15:02:13.957486,11,1021.0,507.0
2022-12-16 15:02:13.967906,11,1027.0,505.0
2022-12-16 15:02:13.977899,11,1030.0,502.0
2022-12-16 15:02:13.987880,11,1035.0,500.0
2022-12-16 15:02:13.999149,11,1042.0,496.0
2022-12-16 15:02:14.007912,11,1048.0,493.0
2022-12-16 15:02:14.017876,11,1052.0,492.0
2022-12-16 15:02:14.027767,11,1055.0,489.0
2022-12-16 15:02:14.037758,11,1061.0,488.0
2022-12-16 15:02:14.047764,11,1062.0,487.0
2022-12-16 15:02:14.057784,11,1065.0,487.0
2022-12-16 15:02:14.067829,11,1068.0,486.0
2022-12-16 15:02:14.077901,11,1070.0,486.0
2022-12-16 15:02:14.087941,11,1072.0,486.0
2022-12-16 15:02:14.097607,11,1074.0,486.0
2022-12-16 15:02:14.107341,11,1075.0,486.0
2022-12-16 15:02:14.359039,11,1076.0,486.0
2022-12-16 15:02:14.388946,11,1077.0,486.0
2022-12-16 15:02:14.479564,11,1078.0,486.0
2022-12-16 15:02:14.489652,11,1079.0,487.0
2022-12-16 15:02:14.499780,11,1080.0,488.0
2022-12-16 15:02:14.539382,11,1082.0,489.0
2022-12-16 15:02:14.551182,11,1083.0,490.0
2022-12-16 15:02:14.560176,11,1083.0,491.0
2022-12-16 15:02:14.569508,11,1083.0,494.0
2022-12-16 15:02:14.579541,11,1083.0,496.0
2022-12-16 15:02:14.589626,11,1082.0,501.0
2022-12-16 15:02:14.599323,11,1081.0,508.0
2022-12-16 15:02:14.609361,11,1081.0,513.0
2022-12-16 15:02:14.620415,11,1079.0,521.0
2022-12-16 15:02:14.629885,11,1079.0,526.0
2022-12-16 15:02:14.639789,11,1078.0,530.0
2022-12-16 15:02:14.649798,11,1078.0,532.0
2022-12-16 15:02:14.659755,11,1078.0,536.0
2022-12-16 15:02:14.669829,11,1078.0,537.0
2022-12-16 15:02:14.690123,11,1078.0,540.0
2022-12-16 15:02:14.699568,11,1078.0,542.0
2022-12-16 15:02:14.709578,11,1078.0,543.0
2022-12-16 15:02:14.721177,11,1078.0,546.0
2022-12-16 15:02:14.729604,11,1078.0,549.0
2022-12-16 15:02:14.739651,11,1078.0,551.0
2022-12-16 15:02:14.749896,11,1078.0,554.0
2022-12-16 15:02:14.759532,11,1078.0,556.0
2022-12-16 15:02:14.780343,11,1078.0,557.0
2022-12-16 15:02:14.789474,11,1078.0,558.0
2022-12-16 15:02:14.811267,11,1078.0,559.0
2022-12-16 15:02:14.821121,11,1078.0,560.0
2022-12-16 15:02:14.831312,11,1079.0,563.0
2022-12-16 15:02:14.840306,11,1080.0,566.0
2022-12-16 15:02:14.851395,11,1082.0,569.0
2022-12-16 15:02:14.860667,11,1085.0,572.0
2022-12-16 15:02:14.870720,11,1088.0,575.0
2022-12-16 15:02:14.880937,11,1091.0,578.0
2022-12-16 15:02:14.892300,11,1093.0,581.0
2022-12-16 15:02:14.900237,11,1098.0,586.0
2022-12-16 15:02:14.910644,11,1102.0,590.0
2022-12-16 15:02:14.920608,11,1106.0,594.0
2022-12-16 15:02:14.930585,11,1111.0,599.0
2022-12-16 15:02:14.940585,11,1117.0,604.0
2022-12-16 15:02:14.950907,11,1123.0,608.0
2022-12-16 15:02:14.960917,11,1134.0,615.0
2022-12-16 15:02:14.970900,11,1145.0,623.0
2022-12-16 15:02:14.981621,11,1158.0,632.0
2022-12-16 15:02:14.991863,11,1167.0,638.0
2022-12-16 15:02:15.001701,11,1179.0,642.0
2022-12-16 15:02:15.011713,11,1188.0,645.0
2022-12-16 15:02:15.022706,11,1198.0,649.0
2022-12-16 15:02:15.031698,11,1206.0,651.0
2022-12-16 15:02:15.042197,11,1211.0,653.0
2022-12-16 15:02:15.051931,11,1219.0,656.0
2022-12-16 15:02:15.062926,11,1225.0,658.0
2022-12-16 15:02:15.071820,11,1230.0,660.0
2022-12-16 15:02:15.091945,11,1231.0,661.0
2022-12-16 15:02:15.131919,11,1232.0,661.0
2022-12-16 15:02:15.142121,11,1232.0,662.0
2022-12-16 15:02:15.151728,11,1233.0,663.0
2022-12-16 15:02:15.161726,11,1236.0,665.0
2022-12-16 15:02:15.171585,11,1239.0,668.0
2022-12-16 15:02:15.182005,11,1244.0,673.0
2022-12-16 15:02:15.193111,11,1247.0,676.0
2022-12-16 15:02:15.202134,11,1251.0,682.0
2022-12-16 15:02:15.211467,11,1255.0,688.0
2022-12-16 15:02:15.222503,11,1260.0,693.0
2022-12-16 15:02:15.232453,11,1264.0,697.0
2022-12-16 15:02:15.241682,11,1270.0,703.0
2022-12-16 15:02:15.251743,11,1275.0,708.0
2022-12-16 15:02:15.261716,11,1280.0,713.0
2022-12-16 15:02:15.272588,11,1286.0,717.0
2022-12-16 15:02:15.282556,11,1291.0,719.0
2022-12-16 15:02:15.292597,11,1298.0,723.0
2022-12-16 15:02:15.302640,11,1304.0,724.0
2022-12-16 15:02:15.312459,11,1309.0,727.0
2022-12-16 15:02:15.322456,11,1315.0,728.0
2022-12-16 15:02:15.332547,11,1323.0,730.0
2022-12-16 15:02:15.343375,11,1325.0,731.0
2022-12-16 15:02:15.353399,11,1331.0,734.0
2022-12-16 15:02:15.367425,11,1339.0,736.0
2022-12-16 15:02:15.372340,11,1342.0,739.0
2022-12-16 15:02:15.383347,11,1343.0,740.0
2022-12-16 15:02:15.392453,11,1346.0,742.0
2022-12-16 15:02:15.403456,11,1348.0,744.0
2022-12-16 15:02:15.412998,11,1350.0,746.0
2022-12-16 15:02:15.422480,11,1352.0,748.0
2022-12-16 15:02:15.432422,11,1355.0,751.0
2022-12-16 15:02:15.443433,11,1359.0,755.0
2022-12-16 15:02:15.453510,11,1364.0,760.0
2022-12-16 15:02:15.462575,11,1368.0,764.0
2022-12-16 15:02:15.472328,11,1375.0,771.0
2022-12-16 15:02:15.483167,11,1383.0,779.0
2022-12-16 15:02:15.494248,11,1392.0,789.0
2022-12-16 15:02:15.504215,11,1403.0,799.0
2022-12-16 15:02:15.514228,11,1413.0,809.0
2022-12-16 15:02:15.523332,11,1425.0,821.0
2022-12-16 15:02:15.534662,11,1433.0,830.0
2022-12-16 15:02:15.543634,11,1439.0,836.0
2022-12-16 15:02:15.553722,11,1444.0,841.0
2022-12-16 15:02:15.563789,11,1449.0,846.0
2022-12-16 15:02:15.574789,11,1452.0,848.0
2022-12-16 15:02:15.583393,11,1457.0,853.0
2022-12-16 15:02:15.593286,11,1460.0,856.0
2022-12-16 15:02:15.603323,11,1465.0,859.0
2022-12-16 15:02:15.614973,11,1468.0,861.0
2022-12-16 15:02:15.623733,11,1471.0,862.0
2022-12-16 15:02:15.633828,11,1472.0,863.0
2022-12-16 15:02:15.643828,11,1476.0,865.0
2022-12-16 15:02:15.655168,11,1481.0,866.0
2022-12-16 15:02:15.663278,11,1487.0,870.0
2022-12-16 15:02:15.674334,11,1494.0,873.0
2022-12-16 15:02:15.684429,11,1502.0,877.0
2022-12-16 15:02:15.693482,11,1513.0,880.0
2022-12-16 15:02:15.705153,11,1521.0,883.0
2022-12-16 15:02:15.714202,11,1533.0,887.0
2022-12-16 15:02:15.723561,11,1539.0,890.0
2022-12-16 15:02:15.733605,11,1548.0,893.0
2022-12-16 15:02:15.745487,11,1556.0,895.0
2022-12-16 15:02:15.753731,11,1562.0,897.0
2022-12-16 15:02:15.763806,11,1569.0,898.0
2022-12-16 15:02:15.773768,11,1575.0,901.0
2022-12-16 15:02:15.784871,11,1580.0,902.0
2022-12-16 15:02:15.793789,11,1589.0,903.0
2022-12-16 15:02:15.803757,11,1597.0,905.0
2022-12-16 15:02:15.813742,11,1607.0,906.0
2022-12-16 15:02:15.824394,11,1617.0,907.0
2022-12-16 15:02:15.834455,11,1629.0,909.0
2022-12-16 15:02:15.844637,11,1638.0,910.0
2022-12-16 15:02:15.854596,11,1648.0,910.0
2022-12-16 15:02:15.864604,11,1655.0,910.0
2022-12-16 15:02:15.875353,11,1659.0,910.0
2022-12-16 15:02:15.885100,11,1662.0,910.0
2022-12-16 15:02:15.895113,11,1664.0,910.0
2022-12-16 15:02:15.905112,11,1665.0,910.0
2022-12-16 15:02:15.916110,11,1667.0,910.0
2022-12-16 15:02:15.925181,11,1669.0,909.0
2022-12-16 15:02:15.935169,11,1672.0,908.0
2022-12-16 15:02:15.945461,11,1676.0,906.0
2022-12-16 15:02:15.954457,11,1682.0,903.0
2022-12-16 15:02:15.964532,11,1687.0,901.0
2022-12-16 15:02:15.975530,11,1694.0,898.0
2022-12-16 15:02:15.984859,11,1699.0,897.0
2022-12-16 15:02:15.994838,11,1707.0,895.0
2022-12-16 15:02:16.005561,11,1714.0,894.0
2022-12-16 15:02:16.015332,11,1717.0,892.0
2022-12-16 15:02:16.025262,11,1722.0,891.0
2022-12-16 15:02:16.036267,11,1724.0,890.0
2022-12-16 15:02:16.046255,11,1728.0,889.0
2022-12-16 15:02:16.055441,11,1732.0,889.0
2022-12-16 15:02:16.066480,11,1735.0,888.0
2022-12-16 15:02:16.075781,11,1740.0,887.0
2022-12-16 15:02:16.086342,11,1747.0,887.0
2022-12-16 15:02:16.096235,11,1757.0,885.0
2022-12-16 15:02:16.106235,11,1764.0,883.0
2022-12-16 15:02:16.116115,11,1772.0,882.0
2022-12-16 15:02:16.126106,11,1782.0,882.0
2022-12-16 15:02:16.136200,11,1791.0,882.0
2022-12-16 15:02:16.145912,11,1796.0,882.0
2022-12-16 15:02:16.155903,11,1802.0,882.0
2022-12-16 15:02:16.165295,11,1807.0,881.0
2022-12-16 15:02:16.175758,11,1810.0,881.0
2022-12-16 15:02:16.186178,11,1811.0,881.0
2022-12-16 15:02:16.196073,11,1812.0,881.0
2022-12-16 15:02:16.206261,11,1813.0,881.0
2022-12-16 15:02:16.336190,11,1814.0,881.0
2022-12-16 15:02:16.346955,11,1815.0,881.0
2022-12-16 15:02:16.356878,11,1816.0,882.0
2022-12-16 15:02:16.367188,11,1817.0,883.0
2022-12-16 15:02:16.377160,11,1819.0,884.0
2022-12-16 15:02:16.486855,11,1820.0,885.0
2022-12-16 15:02:16.506871,11,1820.0,886.0
2022-12-16 15:02:16.517671,11,1817.0,886.0
2022-12-16 15:02:16.527638,11,1816.0,887.0
2022-12-16 15:02:16.537787,11,1813.0,888.0
2022-12-16 15:02:16.547411,11,1810.0,890.0
2022-12-16 15:02:18.816021,12,701.0,201.0
2022-12-16 15:02:18.825771,12,702.0,202.0
2022-12-16 15:02:18.835813,12,704.0,204.0
2022-12-16 15:02:18.845813,12,706.0,206.0
2022-12-16 15:02:18.855813,12,709.0,209.0
2022-12-16 15:02:18.865736,12,711.0,211.0
2022-12-16 15:02:18.875711,12,713.0,213.0
2022-12-16 15:02:18.886171,12,714.0,214.0
2022-12-16 15:02:18.896124,12,717.0,215.0
2022-12-16 15:02:18.907173,12,722.0,216.0
2022-12-16 15:02:18.916761,12,727.0,216.0
2022-12-16 15:02:18.926755,12,732.0,216.0
2022-12-16 15:02:18.936660,12,739.0,217.0
2022-12-16 15:02:18.947921,12,744.0,217.0
2022-12-16 15:02:18.956692,12,751.0,218.0
2022-12-16 15:02:18.966751,12,754.0,218.0
2022-12-16 15:02:18.976854,12,758.0,218.0
2022-12-16 15:02:18.986860,12,759.0,219.0
2022-12-16 15:02:19.046698,12,762.0,219.0
2022-12-16 15:02:19.057121,12,762.0,220.0
2022-12-16 15:02:19.067148,12,762.0,221.0
2022-12-16 15:02:19.077712,12,762.0,222.0
2022-12-16 15:02:19.087680,12,762.0,224.0
2022-12-16 15:02:19.097710,12,761.0,228.0
2022-12-16 15:02:19.108220,12,760.0,233.0
2022-12-16 15:02:19.119038,12,759.0,240.0
2022-12-16 15:02:19.127777,12,757.0,248.0
2022-12-16 15:02:19.137846,12,756.0,254.0
2022-12-16 15:02:19.148096,12,755.0,262.0
2022-12-16 15:02:19.159150,12,753.0,270.0
2022-12-16 15:02:19.168229,12,753.0,280.0
2022-12-16 15:02:19.178296,12,753.0,283.0
2022-12-16 15:02:19.187816,12,753.0,286.0
2022-12-16 15:02:19.197821,12,753.0,290.0
2022-12-16 15:02:19.208018,12,753.0,294.0
2022-12-16 15:02:19.217952,12,753.0,298.0
2022-12-16 15:02:19.227960,12,753.0,304.0
2022-12-16 15:02:19.237978,12,753.0,310.0
2022-12-16 15:02:19.247979,12,753.0,316.0
2022-12-16 15:02:19.257780,12,753.0,319.0
2022-12-16 15:02:19.267744,12,753.0,324.0
2022-12-16 15:02:19.277935,12,753.0,330.0
2022-12-16 15:02:19.288745,12,753.0,334.0
2022-12-16 15:02:19.297786,12,753.0,337.0
2022-12-16 15:02:19.307761,12,753.0,340.0
2022-12-16 15:02:19.317329,12,753.0,341.0
2022-12-16 15:02:19.328170,12,753.0,344.0
2022-12-16 15:02:19.338241,12,753.0,345.0
2022-12-16 15:02:19.347788,12,753.0,350.0
2022-12-16 15:02:19.357834,12,753.0,352.0
2022-12-16 15:02:19.368113,12,753.0,355.0
2022-12-16 15:02:19.377964,12,754.0,360.0
2022-12-16 15:02:19.387729,12,754.0,364.0
2022-12-16 15:02:19.397612,12,754.0,367.0
2022-12-16 15:02:19.407613,12,755.0,372.0
2022-12-16 15:02:19.419304,12,757.0,377.0
2022-12-16 15:02:19.428304,12,758.0,383.0
2022-12-16 15:02:19.439106,12,761.0,389.0
2022-12-16 15:02:19.449201,12,762.0,393.0
2022-12-16 15:02:19.460085,12,764.0,398.0
2022-12-16 15:02:19.469084,12,766.0,404.0
2022-12-16 15:02:19.479180,12,768.0,410.0
2022-12-16 15:02:19.488788,12,769.0,416.0
2022-12-16 15:02:19.499080,12,770.0,419.0
2022-12-16 15:02:19.509070,12,771.0,423.0
2022-12-16 15:02:19.518745,12,771.0,425.0
2022-12-16 15:02:19.529297,12,771.0,428.0
2022-12-16 15:02:19.539014,12,771.0,430.0
2022-12-16 15:02:19.549007,12,771.0,433.0
2022-12-16 15:02:19.559109,12,771.0,436.0
2022-12-16 15:02:19.569139,12,771.0,438.0
2022-12-16 15:02:19.579258,12,771.0,441.0
2022-12-16 15:02:19.590119,12,771.0,445.0
2022-12-16 15:02:19.600124,12,771.0,449.0
2022-12-16 15:02:19.610124,12,770.0,454.0
2022-12-16 15:02:19.619506,12,769.0,459.0
2022-12-16 15:02:19.630667,12,769.0,467.0
2022-12-16 15:02:19.639670,12,769.0,471.0
2022-12-16 15:02:19.649304,12,768.0,475.0
2022-12-16 15:02:19.660198,12,768.0,480.0
2022-12-16 15:02:19.670255,12,768.0,484.0
2022-12-16 15:02:19.679783,12,768.0,490.0
2022-12-16 15:02:19.689574,12,768.0,494.0
2022-12-16 15:02:19.699548,12,768.0,498.0
2022-12-16 15:02:19.709388,12,768.0,501.0
2022-12-16 15:02:19.719911,12,768.0,503.0
2022-12-16 15:02:19.729911,12,770.0,505.0
2022-12-16 15:02:19.739973,12,770.0,509.0
2022-12-16 15:02:19.750145,12,770.0,515.0
2022-12-16 15:02:19.760135,12,772.0,519.0
2022-12-16 15:02:19.770183,12,772.0,521.0
2022-12-16 15:02:19.779893,12,772.0,522.0
2022-12-16 15:02:19.789726,12,774.0,524.0
2022-12-16 15:02:19.800729,12,775.0,525.0
2022-12-16 15:02:19.810319,12,776.0,527.0
2022-12-16 15:02:19.819516,12,776.0,528.0
2022-12-16 15:02:19.829761,12,776.0,529.0
2022-12-16 15:02:19.850042,12,777.0,530.0
2022-12-16 15:02:19.860051,12,778.0,531.0
2022-12-16 15:02:19.870108,12,780.0,533.0
2022-12-16 15:02:19.879404,12,783.0,536.0
2022-12-16 15:02:19.889442,12,789.0,542.0
2022-12-16 15:02:19.899649,12,793.0,546.0
2022-12-16 15:02:19.909438,12,799.0,552.0
2022-12-16 15:02:19.920149,12,805.0,558.0
2022-12-16 15:02:19.930163,12,811.0,563.0
2022-12-16 15:02:19.940977,12,815.0,566.0
2022-12-16 15:02:19.950996,12,820.0,569.0
2022-12-16 15:02:19.960964,12,824.0,573.0
2022-12-16 15:02:19.971850,12,826.0,574.0
2022-12-16 15:02:19.980848,12,828.0,575.0
2022-12-16 15:02:19.990849,12,829.0,576.0
2022-12-16 15:02:20.000722,12,831.0,576.0
2022-12-16 15:02:20.012068,12,832.0,576.0
2022-12-16 15:02:20.021066,12,833.0,576.0
2022-12-16 15:02:20.031137,12,835.0,577.0
2022-12-16 15:02:20.101401,12,836.0,577.0
2022-12-16 15:02:20.132385,12,837.0,577.0
2022-12-16 15:02:20.142829,12,838.0,578.0
2022-12-16 15:02:20.151835,12,841.0,580.0
2022-12-16 15:02:20.161891,12,843.0,581.0
2022-12-16 15:02:20.171749,12,845.0,582.0
2022-12-16 15:02:20.182610,12,848.0,583.0
2022-12-16 15:02:20.191519,12,849.0,583.0
2022-12-16 15:02:20.221633,12,850.0,584.0
2022-12-16 15:02:20.262136,12,851.0,584.0
2022-12-16 15:02:20.272222,12,852.0,584.0
2022-12-16 15:02:20.282301,12,854.0,584.0
2022-12-16 15:02:20.292120,12,855.0,584.0
2022-12-16 15:02:20.303245,12,856.0,584.0
2022-12-16 15:02:20.313651,12,857.0,584.0
2022-12-16 15:02:20.322648,12,858.0,584.0
2022-12-16 15:02:20.332341,12,859.0,584.0
2022-12-16 15:02:20.342367,12,860.0,583.0
2022-12-16 15:02:20.351477,12,862.0,583.0
2022-12-16 15:02:20.361995,12,863.0,582.0
2022-12-16 15:02:20.372154,12,867.0,581.0
2022-12-16 15:02:20.382135,12,869.0,581.0
2022-12-16 15:02:20.392350,12,872.0,580.0
2022-12-16 15:02:20.401457,12,876.0,578.0
2022-12-16 15:02:20.412439,12,877.0,577.0
2022-12-16 15:02:20.422437,12,879.0,577.0
2022-12-16 15:02:20.431435,12,880.0,576.0
2022-12-16 15:02:20.442626,12,882.0,575.0
2022-12-16 15:02:20.452694,12,884.0,575.0
2022-12-16 15:02:20.462661,12,884.0,574.0
2022-12-16 15:02:20.553863,12,885.0,574.0
2022-12-16 15:02:20.583018,12,886.0,574.0
2022-12-16 15:02:20.603262,12,887.0,574.0
2022-12-16 15:02:20.613918,12,888.0,574.0
2022-12-16 15:02:20.623889,12,890.0,574.0
2022-12-16 15:02:20.633593,12,891.0,574.0
2022-12-16 15:02:20.643591,12,893.0,574.0
2022-12-16 15:02:20.655174,12,894.0,573.0
2022-12-16 15:02:20.663996,12,896.0,573.0
2022-12-16 15:02:20.673748,12,897.0,573.0
2022-12-16 15:02:20.683789,12,900.0,573.0
2022-12-16 15:02:20.694767,12,901.0,572.0
2022-12-16 15:02:20.703447,12,903.0,572.0
2022-12-16 15:02:20.714145,12,904.0,572.0
2022-12-16 15:02:20.734296,12,908.0,572.0
2022-12-16 15:02:20.743411,12,912.0,570.0
2022-12-16 15:02:20.754225,12,914.0,570.0
2022-12-16 15:02:20.764212,12,919.0,570.0
2022-12-16 15:02:20.773476,12,926.0,568.0
2022-12-16 15:02:20.783784,12,928.0,567.0
2022-12-16 15:02:20.794197,12,932.0,567.0
2022-12-16 15:02:20.804061,12,934.0,565.0
2022-12-16 15:02:20.814093,12,937.0,565.0
2022-12-16 15:02:20.825235,12,938.0,565.0
2022-12-16 15:02:20.834296,12,940.0,563.0
2022-12-16 15:02:20.854254,12,941.0,563.0
2022-12-16 15:02:20.924214,12,942.0,563.0
2022-12-16 15:02:20.965185,12,943.0,563.0
2022-12-16 15:02:20.975151,12,944.0,563.0
2022-12-16 15:02:20.985231,12,946.0,562.0
2022-12-16 15:02:21.024512,12,947.0,562.0
2022-12-16 15:02:21.035750,12,948.0,561.0
2022-12-16 15:02:21.044719,12,950.0,561.0
2022-12-16 15:02:21.064748,12,951.0,561.0
2022-12-16 15:02:21.075260,12,952.0,560.0
2022-12-16 15:02:21.105372,12,953.0,560.0
2022-12-16 15:02:21.125859,12,954.0,560.0
2022-12-16 15:02:21.135887,12,955.0,560.0
2022-12-16 15:02:21.145862,12,956.0,560.0
2022-12-16 15:02:21.156264,12,957.0,559.0
2022-12-16 15:02:21.166450,12,960.0,559.0
2022-12-16 15:02:21.176031,12,962.0,558.0
2022-12-16 15:02:21.186040,12,963.0,558.0
2022-12-16 15:02:21.196184,12,965.0,558.0
2022-12-16 15:02:21.207224,12,966.0,557.0
2022-12-16 15:02:21.216230,12,967.0,556.0
2022-12-16 15:02:21.226334,12,968.0,556.0
2022-12-16 15:02:21.236061,12,969.0,555.0
2022-12-16 15:02:21.246103,12,970.0,555.0
2022-12-16 15:02:21.256233,12,971.0,555.0
2022-12-16 15:02:21.265749,12,972.0,555.0
2022-12-16 15:02:21.275749,12,973.0,554.0
2022-12-16 15:02:21.285475,12,974.0,554.0
2022-12-16 15:02:21.296236,12,976.0,552.0
2022-12-16 15:02:21.305239,12,977.0,552.0
2022-12-16 15:02:21.316245,12,978.0,551.0
2022-12-16 15:02:21.326304,12,980.0,550.0
2022-12-16 15:02:21.336809,12,981.0,550.0
2022-12-16 15:02:21.346086,12,982.0,550.0
2022-12-16 15:02:21.356232,12,984.0,549.0
2022-12-16 15:02:21.366035,12,985.0,549.0
2022-12-16 15:02:21.377072,12,987.0,547.0
2022-12-16 15:02:21.386113,12,988.0,547.0
2022-12-16 15:02:21.395826,12,989.0,547.0
2022-12-16 15:02:21.405846,12,990.0,547.0
2022-12-16 15:02:21.416064,12,991.0,546.0
2022-12-16 15:02:21.426819,12,994.0,545.0
2022-12-16 15:02:21.435810,12,995.0,545.0
2022-12-16 15:02:21.445821,12,997.0,544.0
2022-12-16 15:02:21.455779,12,1002.0,542.0
2022-12-16 15:02:21.466770,12,1007.0,541.0
2022-12-16 15:02:21.476600,12,1015.0,538.0
2022-12-16 15:02:21.486591,12,1018.0,536.0
2022-12-16 15:02:21.496263,12,1024.0,534.0
2022-12-16 15:02:21.508140,12,1026.0,532.0
2022-12-16 15:02:21.517150,12,1029.0,530.0
2022-12-16 15:02:21.527233,12,1032.0,529.0
2022-12-16 15:02:21.536324,12,1035.0,528.0
2022-12-16 15:02:21.547352,12,1038.0,526.0
2022-12-16 15:02:21.557369,12,1042.0,525.0
2022-12-16 15:02:21.567682,12,1043.0,523.0
2022-12-16 15:02:21.577060,12,1045.0,522.0
2022-12-16 15:02:21.586583,12,1048.0,520.0
2022-12-16 15:02:21.597316,12,1050.0,519.0
2022-12-16 15:02:21.606430,12,1052.0,517.0
2022-12-16 15:02:21.616934,12,1053.0,516.0
2022-12-16 15:02:21.626699,12,1057.0,514.0
2022-12-16 15:02:21.638193,12,1058.0,513.0
2022-12-16 15:02:21.647629,12,1060.0,512.0
2022-12-16 15:02:21.658006,12,1063.0,510.0
2022-12-16 15:02:21.667426,12,1065.0,509.0
2022-12-16 15:02:21.679196,12,1068.0,508.0
2022-12-16 15:02:21.687923,12,1071.0,507.0
2022-12-16 15:02:21.697501,12,1073.0,505.0
2022-12-16 15:02:21.707680,12,1080.0,504.0
2022-12-16 15:02:21.719188,12,1086.0,502.0
2022-12-16 15:02:21.728149,12,1091.0,500.0
2022-12-16 15:02:21.737246,12,1097.0,498.0
2022-12-16 15:02:21.748233,12,1105.0,495.0
2022-12-16 15:02:21.758353,12,1111.0,492.0
2022-12-16 15:02:21.767322,12,1118.0,489.0
2022-12-16 15:02:21.777289,12,1123.0,486.0
2022-12-16 15:02:21.788291,12,1130.0,483.0
2022-12-16 15:02:21.797619,12,1136.0,479.0
2022-12-16 15:02:21.808145,12,1141.0,477.0
2022-12-16 15:02:21.817813,12,1147.0,475.0
2022-12-16 15:02:21.827460,12,1155.0,471.0
2022-12-16 15:02:21.837405,12,1164.0,468.0
2022-12-16 15:02:21.848871,12,1171.0,464.0
2022-12-16 15:02:21.858461,12,1176.0,461.0
2022-12-16 15:02:21.867498,12,1180.0,459.0
2022-12-16 15:02:21.877546,12,1186.0,456.0
2022-12-16 15:02:21.888793,12,1191.0,454.0
2022-12-16 15:02:21.897589,12,1195.0,451.0
2022-12-16 15:02:21.907766,12,1198.0,451.0
2022-12-16 15:02:21.918005,12,1204.0,447.0
2022-12-16 15:02:21.927589,12,1207.0,444.0
2022-12-16 15:02:21.937630,12,1213.0,442.0
2022-12-16 15:02:21.947855,12,1216.0,440.0
2022-12-16 15:02:21.957680,12,1221.0,438.0
2022-12-16 15:02:21.967742,12,1224.0,437.0
2022-12-16 15:02:21.978857,12,1227.0,434.0
2022-12-16 15:02:21.989096,12,1231.0,433.0
2022-12-16 15:02:21.998878,12,1234.0,431.0
2022-12-16 15:02:22.009080,12,1237.0,428.0
2022-12-16 15:02:22.020069,12,1241.0,425.0
2022-12-16 15:02:22.029170,12,1244.0,423.0
2022-12-16 15:02:22.038575,12,1247.0,422.0
2022-12-16 15:02:22.048807,12,1250.0,420.0
2022-12-16 15:02:22.059606,12,1253.0,419.0
2022-12-16 15:02:22.068636,12,1254.0,418.0
2022-12-16 15:02:22.079018,12,1254.0,417.0
2022-12-16 15:02:22.108550,12,1255.0,417.0
2022-12-16 15:02:22.118544,12,1256.0,416.0
2022-12-16 15:02:22.128246,12,1257.0,416.0
2022-12-16 15:02:22.139254,12,1260.0,414.0
2022-12-16 15:02:22.150011,12,1261.0,414.0
2022-12-16 15:02:22.160030,12,1264.0,411.0
2022-12-16 15:02:22.169866,12,1266.0,410.0
2022-12-16 15:02:22.180132,12,1268.0,407.0
2022-12-16 15:02:22.190429,12,1271.0,406.0
2022-12-16 15:02:22.199432,12,1274.0,405.0
2022-12-16 15:02:22.209910,12,1276.0,403.0
2022-12-16 15:02:22.219894,12,1278.0,401.0
2022-12-16 15:02:22.230887,12,1282.0,398.0
2022-12-16 15:02:22.239858,12,1285.0,396.0
2022-12-16 15:02:22.250074,12,1288.0,395.0
2022-12-16 15:02:22.259834,12,1291.0,393.0
2022-12-16 15:02:22.271111,12,1293.0,391.0
2022-12-16 15:02:22.280410,12,1295.0,390.0
2022-12-16 15:02:22.289683,12,1297.0,389.0
2022-12-16 15:02:22.299685,12,1297.0,388.0
2022-12-16 15:02:22.310329,12,1299.0,388.0
2022-12-16 15:02:22.319706,12,1300.0,386.0
2022-12-16 15:02:22.329691,12,1303.0,385.0
2022-12-16 15:02:22.339922,12,1306.0,383.0
2022-12-16 15:02:22.349525,12,1309.0,380.0
2022-12-16 15:02:22.360322,12,1313.0,377.0
2022-12-16 15:02:22.369327,12,1317.0,376.0
2022-12-16 15:02:22.380329,12,1322.0,373.0
2022-12-16 15:02:22.389677,12,1327.0,371.0
2022-12-16 15:02:22.401288,12,1330.0,369.0
2022-12-16 15:02:22.410036,12,1334.0,366.0
2022-12-16 15:02:22.419431,12,1340.0,364.0
2022-12-16 15:02:22.429510,12,1343.0,362.0
2022-12-16 15:02:22.439496,12,1349.0,358.0
2022-12-16 15:02:22.449851,12,1357.0,354.0
2022-12-16 15:02:22.459597,12,1366.0,350.0
2022-12-16 15:02:22.469596,12,1378.0,345.0
2022-12-16 15:02:22.480246,12,1388.0,340.0
2022-12-16 15:02:22.491200,12,1396.0,335.0
2022-12-16 15:02:22.501199,12,1411.0,331.0
2022-12-16 15:02:22.510819,12,1418.0,327.0
2022-12-16 15:02:22.520647,12,1426.0,324.0
2022-12-16 15:02:22.531689,12,1434.0,320.0
2022-12-16 15:02:22.540918,12,1442.0,317.0
2022-12-16 15:02:22.551098,12,1448.0,314.0
2022-12-16 15:02:22.561100,12,1453.0,313.0
2022-12-16 15:02:22.571708,12,1460.0,309.0
2022-12-16 15:02:22.580712,12,1466.0,308.0
2022-12-16 15:02:22.590706,12,1471.0,306.0
2022-12-16 15:02:22.600849,12,1474.0,306.0
2022-12-16 15:02:22.611909,12,1476.0,306.0
2022-12-16 15:02:22.621044,12,1477.0,305.0
2022-12-16 15:02:22.650164,12,1478.0,305.0
2022-12-16 15:02:22.672121,12,1479.0,305.0
2022-12-16 15:02:22.682197,12,1481.0,305.0
2022-12-16 15:02:22.692232,12,1484.0,306.0
2022-12-16 15:02:22.702321,12,1489.0,307.0
2022-12-16 15:02:22.711456,12,1493.0,308.0
2022-12-16 15:02:22.721439,12,1499.0,309.0
2022-12-16 15:02:22.732302,12,1506.0,310.0
2022-12-16 15:02:22.742663,12,1518.0,312.0
2022-12-16 15:02:22.751452,12,1529.0,313.0
2022-12-16 15:02:22.761508,12,1538.0,314.0
2022-12-16 15:02:22.771542,12,1549.0,316.0
2022-12-16 15:02:22.783161,12,1561.0,318.0
2022-12-16 15:02:22.791944,12,1572.0,320.0
2022-12-16 15:02:22.802050,12,1583.0,320.0
2022-12-16 15:02:22.811601,12,1597.0,321.0
2022-12-16 15:02:22.822035,12,1613.0,322.0
2022-12-16 15:02:22.832006,12,1628.0,323.0
2022-12-16 15:02:22.842156,12,1644.0,323.0
2022-12-16 15:02:22.852184,12,1661.0,323.0
2022-12-16 15:02:22.862207,12,1672.0,323.0
2022-12-16 15:02:22.873292,12,1684.0,322.0
2022-12-16 15:02:22.882030,12,1692.0,322.0
2022-12-16 15:02:22.892068,12,1702.0,321.0
2022-12-16 15:02:22.902237,12,1709.0,320.0
2022-12-16 15:02:22.913158,12,1715.0,319.0
2022-12-16 15:02:22.922279,12,1723.0,319.0
2022-12-16 15:02:22.932184,12,1725.0,319.0
2022-12-16 15:02:23.184237,12,1727.0,319.0
2022-12-16 15:02:23.203909,12,1728.0,319.0
2022-12-16 15:02:23.214449,12,1728.0,318.0
2022-12-16 15:02:23.223520,12,1726.0,315.0
2022-12-16 15:02:23.233688,12,1723.0,312.0
2022-12-16 15:02:23.243749,12,1720.0,310.0
2022-12-16 15:02:23.254706,12,1718.0,308.0
2022-12-16 15:02:23.263925,12,1717.0,307.0
2022-12-16 15:02:23.274158,12,1716.0,305.0
2022-12-16 15:02:25.391987,13,201.0,801.0
2022-12-16 15:02:25.402054,13,202.0,802.0
2022-12-16 15:02:25.412089,13,204.0,802.0
2022-12-16 15:02:25.422171,13,209.0,802.0
2022-12-16 15:02:25.433324,13,214.0,802.0
2022-12-16 15:02:25.442419,13,220.0,802.0
2022-12-16 15:02:25.451851,13,225.0,802.0
2022-12-16 15:02:25.461861,13,230.0,802.0
2022-12-16 15:02:25.472889,13,237.0,802.0
2022-12-16 15:02:25.481909,13,244.0,802.0
2022-12-16 15:02:25.491897,13,248.0,802.0
2022-12-16 15:02:25.501882,13,251.0,802.0
2022-12-16 15:02:25.513158,13,255.0,802.0
2022-12-16 15:02:25.522140,13,261.0,802.0
2022-12-16 15:02:25.532205,13,263.0,802.0
2022-12-16 15:02:25.541348,13,266.0,802.0
2022-12-16 15:02:25.553472,13,270.0,802.0
2022-12-16 15:02:25.562356,13,275.0,802.0
2022-12-16 15:02:25.573231,13,280.0,802.0
2022-12-16 15:02:25.583114,13,285.0,801.0
2022-12-16 15:02:25.593132,13,287.0,801.0
2022-12-16 15:02:25.604233,13,292.0,801.0
2022-12-16 15:02:25.613019,13,297.0,801.0
2022-12-16 15:02:25.622449,13,302.0,799.0
2022-12-16 15:02:25.632486,13,306.0,798.0
2022-12-16 15:02:25.644525,13,309.0,798.0
2022-12-16 15:02:25.653520,13,312.0,796.0
2022-12-16 15:02:25.662798,13,316.0,796.0
2022-12-16 15:02:25.672791,13,321.0,795.0
2022-12-16 15:02:25.683993,13,325.0,793.0
2022-12-16 15:02:25.692579,13,331.0,792.0
2022-12-16 15:02:25.702580,13,337.0,791.0
2022-12-16 15:02:25.712761,13,344.0,789.0
2022-12-16 15:02:25.723780,13,352.0,788.0
2022-12-16 15:02:25.733895,13,359.0,786.0
2022-12-16 15:02:25.743895,13,364.0,783.0
2022-12-16 15:02:25.754191,13,369.0,782.0
2022-12-16 15:02:25.764178,13,376.0,779.0
2022-12-16 15:02:25.775210,13,381.0,777.0
2022-12-16 15:02:25.784221,13,388.0,774.0
2022-12-16 15:02:25.793687,13,394.0,770.0
2022-12-16 15:02:25.803687,13,401.0,767.0
2022-12-16 15:02:25.815092,13,407.0,763.0
2022-12-16 15:02:25.823902,13,413.0,761.0
2022-12-16 15:02:25.833945,13,419.0,758.0
2022-12-16 15:02:25.844200,13,425.0,755.0
2022-12-16 15:02:25.855182,13,428.0,752.0
2022-12-16 15:02:25.863257,13,430.0,751.0
2022-12-16 15:02:25.873331,13,435.0,750.0
2022-12-16 15:02:25.883717,13,439.0,748.0
2022-12-16 15:02:25.894943,13,444.0,745.0
2022-12-16 15:02:25.903909,13,449.0,743.0
2022-12-16 15:02:25.914450,13,452.0,742.0
2022-12-16 15:02:25.923338,13,459.0,740.0
2022-12-16 15:02:25.934244,13,464.0,739.0
2022-12-16 15:02:25.945391,13,467.0,737.0
2022-12-16 15:02:25.953702,13,473.0,735.0
2022-12-16 15:02:25.963715,13,475.0,734.0
2022-12-16 15:02:25.974013,13,481.0,732.0
2022-12-16 15:02:25.984774,13,486.0,731.0
2022-12-16 15:02:25.993774,13,489.0,731.0
2022-12-16 15:02:26.003720,13,494.0,730.0
2022-12-16 15:02:26.014148,13,497.0,729.0
2022-12-16 15:02:26.024883,13,503.0,728.0
2022-12-16 15:02:26.034127,13,510.0,728.0
2022-12-16 15:02:26.044144,13,515.0,727.0
2022-12-16 15:02:26.053310,13,522.0,726.0
2022-12-16 15:02:26.064394,13,528.0,725.0
2022-12-16 15:02:26.074942,13,534.0,725.0
2022-12-16 15:02:26.085035,13,542.0,723.0
2022-12-16 15:02:26.095037,13,550.0,722.0
2022-12-16 15:02:26.105308,13,557.0,721.0
2022-12-16 15:02:26.116268,13,564.0,721.0
2022-12-16 15:02:26.124310,13,573.0,719.0
2022-12-16 15:02:26.134984,13,578.0,719.0
2022-12-16 15:02:26.145197,13,587.0,717.0
2022-12-16 15:02:26.155986,13,593.0,717.0
2022-12-16 15:02:26.165128,13,599.0,717.0
2022-12-16 15:02:26.175085,13,604.0,716.0
2022-12-16 15:02:26.184813,13,609.0,716.0
2022-12-16 15:02:26.195844,13,611.0,716.0
2022-12-16 15:02:26.204363,13,613.0,716.0
2022-12-16 15:02:26.214488,13,616.0,716.0
2022-12-16 15:02:26.224357,13,620.0,714.0
2022-12-16 15:02:26.236184,13,623.0,714.0
2022-12-16 15:02:26.245876,13,627.0,714.0
2022-12-16 15:02:26.255865,13,629.0,714.0
2022-12-16 15:02:26.265494,13,632.0,713.0
2022-12-16 15:02:26.286818,13,634.0,713.0
2022-12-16 15:02:26.315809,13,635.0,713.0
2022-12-16 15:02:26.346157,13,636.0,713.0
2022-12-16 15:02:26.356188,13,638.0,713.0
2022-12-16 15:02:26.367135,13,643.0,713.0
2022-12-16 15:02:26.376208,13,648.0,712.0
2022-12-16 15:02:26.386277,13,653.0,712.0
2022-12-16 15:02:26.395514,13,658.0,710.0
2022-12-16 15:02:26.407132,13,668.0,709.0
2022-12-16 15:02:26.416080,13,673.0,708.0
2022-12-16 15:02:26.426131,13,679.0,706.0
2022-12-16 15:02:26.436301,13,687.0,704.0
2022-12-16 15:02:26.446988,13,692.0,703.0
2022-12-16 15:02:26.456841,13,697.0,700.0
2022-12-16 15:02:26.465864,13,703.0,697.0
2022-12-16 15:02:26.476152,13,709.0,694.0
2022-12-16 15:02:26.486028,13,714.0,690.0
2022-12-16 15:02:26.497027,13,720.0,688.0
2022-12-16 15:02:26.506383,13,726.0,684.0
2022-12-16 15:02:26.515411,13,734.0,681.0
2022-12-16 15:02:26.525510,13,740.0,677.0
2022-12-16 15:02:26.536811,13,746.0,674.0
2022-12-16 15:02:26.545603,13,753.0,669.0
2022-12-16 15:02:26.555609,13,758.0,668.0
2022-12-16 15:02:26.565488,13,759.0,667.0
2022-12-16 15:02:26.577182,13,760.0,666.0
2022-12-16 15:02:26.687059,13,761.0,666.0
2022-12-16 15:02:26.697136,13,763.0,666.0
2022-12-16 15:02:26.708151,13,763.0,665.0
2022-12-16 15:02:26.717066,13,764.0,665.0
2022-12-16 15:02:26.726590,13,765.0,665.0
2022-12-16 15:02:26.736596,13,768.0,663.0
2022-12-16 15:02:26.747362,13,772.0,661.0
2022-12-16 15:02:26.758250,13,778.0,658.0
2022-12-16 15:02:26.768072,13,784.0,656.0
2022-12-16 15:02:26.778061,13,790.0,653.0
2022-12-16 15:02:26.789120,13,792.0,651.0
2022-12-16 15:02:26.799071,13,797.0,649.0
2022-12-16 15:02:26.807706,13,798.0,648.0
2022-12-16 15:02:26.817285,13,800.0,647.0
2022-12-16 15:02:26.828303,13,802.0,646.0
2022-12-16 15:02:26.839018,13,804.0,645.0
2022-12-16 15:02:26.848050,13,805.0,644.0
2022-12-16 15:02:26.858094,13,808.0,643.0
2022-12-16 15:02:26.868175,13,810.0,642.0
2022-12-16 15:02:26.878347,13,813.0,640.0
2022-12-16 15:02:26.887399,13,816.0,639.0
2022-12-16 15:02:26.897374,13,819.0,638.0
2022-12-16 15:02:26.907502,13,824.0,635.0
2022-12-16 15:02:26.918355,13,825.0,635.0
2022-12-16 15:02:26.927469,13,827.0,634.0
2022-12-16 15:02:26.937752,13,830.0,632.0
2022-12-16 15:02:26.947493,13,832.0,631.0
2022-12-16 15:02:26.958725,13,833.0,630.0
2022-12-16 15:02:26.968717,13,835.0,630.0
2022-12-16 15:02:26.988346,13,838.0,629.0
2022-12-16 15:02:26.997384,13,840.0,629.0
2022-12-16 15:02:27.008453,13,841.0,628.0
2022-12-16 15:02:27.017484,13,842.0,627.0
2022-12-16 15:02:27.027713,13,843.0,627.0
2022-12-16 15:02:27.038303,13,844.0,626.0
2022-12-16 15:02:27.048313,13,846.0,625.0
2022-12-16 15:02:27.058023,13,847.0,624.0
2022-12-16 15:02:27.068148,13,849.0,624.0
2022-12-16 15:02:27.078158,13,851.0,622.0
2022-12-16 15:02:27.089216,13,852.0,622.0
2022-12-16 15:02:27.099239,13,855.0,620.0
2022-12-16 15:02:27.220751,13,856.0,619.0
2022-12-16 15:02:27.239191,13,857.0,619.0
2022-12-16 15:02:27.260214,13,858.0,619.0
2022-12-16 15:02:27.269710,13,859.0,618.0
2022-12-16 15:02:27.279671,13,861.0,616.0
2022-12-16 15:02:27.289902,13,866.0,614.0
2022-12-16 15:02:27.301093,13,869.0,611.0
2022-12-16 15:02:27.310411,13,873.0,608.0
2022-12-16 15:02:27.319635,13,878.0,604.0
2022-12-16 15:02:27.329809,13,880.0,602.0
2022-12-16 15:02:27.339725,13,882.0,601.0
2022-12-16 15:02:27.399544,13,883.0,599.0
2022-12-16 15:02:27.420441,13,884.0,599.0
2022-12-16 15:02:27.430889,13,885.0,598.0
2022-12-16 15:02:27.440032,13,886.0,596.0
2022-12-16 15:02:27.450027,13,887.0,595.0
2022-12-16 15:02:27.460020,13,887.0,594.0
2022-12-16 15:02:27.471012,13,887.0,593.0
2022-12-16 15:02:27.481051,13,888.0,592.0
2022-12-16 15:02:27.510787,13,888.0,591.0
2022-12-16 15:02:27.520784,13,888.0,590.0
2022-12-16 15:02:27.540176,13,888.0,589.0
2022-12-16 15:02:27.549183,13,888.0,588.0
2022-12-16 15:02:27.579960,13,888.0,587.0
2022-12-16 15:02:27.620766,13,889.0,586.0
2022-12-16 15:02:27.671089,13,890.0,585.0
2022-12-16 15:02:27.681675,13,890.0,584.0
2022-12-16 15:02:27.700871,13,891.0,583.0
2022-12-16 15:02:27.710840,13,892.0,582.0
2022-12-16 15:02:27.720548,13,893.0,580.0
2022-12-16 15:02:27.731756,13,894.0,579.0
2022-12-16 15:02:27.740545,13,894.0,578.0
2022-12-16 15:02:27.751104,13,894.0,577.0
2022-12-16 15:02:27.771962,13,895.0,576.0
2022-12-16 15:02:27.812955,13,896.0,575.0
2022-12-16 15:02:27.823143,13,897.0,575.0
2022-12-16 15:02:27.841902,13,898.0,574.0
2022-12-16 15:02:27.863024,13,899.0,572.0
2022-12-16 15:02:27.871011,13,901.0,571.0
2022-12-16 15:02:27.892023,13,903.0,570.0
2022-12-16 15:02:27.903018,13,905.0,570.0
2022-12-16 15:02:27.912090,13,910.0,569.0
2022-12-16 15:02:27.922108,13,911.0,568.0
2022-12-16 15:02:27.932213,13,914.0,567.0
2022-12-16 15:02:27.943331,13,916.0,566.0
2022-12-16 15:02:27.951467,13,919.0,566.0
2022-12-16 15:02:27.961665,13,921.0,565.0
2022-12-16 15:02:27.971734,13,922.0,564.0
2022-12-16 15:02:27.982923,13,924.0,563.0
2022-12-16 15:02:28.001895,13,925.0,563.0
2022-12-16 15:02:28.012096,13,928.0,563.0
2022-12-16 15:02:28.023206,13,928.0,562.0
2022-12-16 15:02:28.041580,13,929.0,562.0
2022-12-16 15:02:28.051621,13,930.0,562.0
2022-12-16 15:02:28.061794,13,932.0,561.0
2022-12-16 15:02:28.183287,13,933.0,561.0
2022-12-16 15:02:28.203599,13,934.0,560.0
2022-12-16 15:02:28.212876,13,935.0,559.0
2022-12-16 15:02:28.222857,13,939.0,559.0
2022-12-16 15:02:28.233855,13,943.0,556.0
2022-12-16 15:02:28.243855,13,951.0,554.0
2022-12-16 15:02:28.253226,13,955.0,552.0
2022-12-16 15:02:28.262584,13,960.0,551.0
2022-12-16 15:02:28.272493,13,963.0,548.0
2022-12-16 15:02:28.284180,13,965.0,547.0
2022-12-16 15:02:28.313955,13,967.0,547.0
2022-12-16 15:02:28.455147,13,968.0,547.0
2022-12-16 15:02:28.484293,13,968.0,546.0
2022-12-16 15:02:28.505184,13,969.0,546.0
2022-12-16 15:02:28.514129,13,971.0,546.0
2022-12-16 15:02:28.524294,13,976.0,544.0
2022-12-16 15:02:28.534387,13,981.0,542.0
2022-12-16 15:02:28.545090,13,986.0,540.0
2022-12-16 15:02:28.554213,13,991.0,539.0
2022-12-16 15:02:28.563251,13,999.0,538.0
2022-12-16 15:02:28.574297,13,1005.0,536.0
2022-12-16 15:02:28.585265,13,1007.0,536.0
2022-12-16 15:02:28.593539,13,1009.0,535.0
2022-12-16 15:02:28.634731,13,1010.0,535.0
2022-12-16 15:02:28.644718,13,1011.0,536.0
2022-12-16 15:02:28.654794,13,1014.0,537.0
2022-12-16 15:02:28.665818,13,1017.0,539.0
2022-12-16 15:02:28.676082,13,1019.0,540.0
2022-12-16 15:02:28.685192,13,1022.0,541.0
2022-12-16 15:02:28.695227,13,1025.0,542.0
2022-12-16 15:02:28.705222,13,1029.0,543.0
2022-12-16 15:02:28.716474,13,1032.0,543.0
2022-12-16 15:02:28.775077,13,1035.0,544.0
2022-12-16 15:02:28.806310,13,1036.0,544.0
2022-12-16 15:02:28.816127,13,1037.0,544.0
2022-12-16 15:02:28.846692,13,1037.0,545.0
2022-12-16 15:02:28.865351,13,1038.0,546.0
2022-12-16 15:02:28.876611,13,1040.0,547.0
2022-12-16 15:02:28.887152,13,1041.0,549.0
2022-12-16 15:02:28.895932,13,1043.0,550.0
2022-12-16 15:02:28.905879,13,1045.0,553.0
2022-12-16 15:02:28.917163,13,1048.0,556.0
2022-12-16 15:02:28.926358,13,1052.0,560.0
2022-12-16 15:02:28.935690,13,1056.0,564.0
2022-12-16 15:02:28.945692,13,1059.0,567.0
2022-12-16 15:02:28.956681,13,1064.0,569.0
2022-12-16 15:02:28.967139,13,1069.0,572.0
2022-12-16 15:02:28.976139,13,1073.0,573.0
2022-12-16 15:02:28.987071,13,1078.0,575.0
2022-12-16 15:02:28.995930,13,1082.0,578.0
2022-12-16 15:02:29.007114,13,1089.0,581.0
2022-12-16 15:02:29.017221,13,1095.0,584.0
2022-12-16 15:02:29.025436,13,1102.0,585.0
2022-12-16 15:02:29.035431,13,1107.0,587.0
2022-12-16 15:02:29.046431,13,1114.0,588.0
2022-12-16 15:02:29.056501,13,1119.0,588.0
2022-12-16 15:02:29.065505,13,1123.0,589.0
2022-12-16 15:02:29.075498,13,1125.0,589.0
2022-12-16 15:02:29.086534,13,1128.0,590.0
2022-12-16 15:02:29.096510,13,1131.0,590.0
2022-12-16 15:02:29.105441,13,1134.0,590.0
2022-12-16 15:02:29.115810,13,1137.0,590.0
2022-12-16 15:02:29.126616,13,1140.0,590.0
2022-12-16 15:02:29.136826,13,1144.0,590.0
2022-12-16 15:02:29.147226,13,1146.0,590.0
2022-12-16 15:02:29.156398,13,1148.0,590.0
2022-12-16 15:02:29.166480,13,1150.0,590.0
2022-12-16 15:02:29.177484,13,1153.0,590.0
2022-12-16 15:02:29.187452,13,1155.0,590.0
2022-12-16 15:02:29.196399,13,1156.0,590.0
2022-12-16 15:02:29.246896,13,1157.0,590.0
2022-12-16 15:02:29.276489,13,1158.0,590.0
2022-12-16 15:02:29.286960,13,1159.0,591.0
2022-12-16 15:02:29.298251,13,1162.0,592.0
2022-12-16 15:02:29.308292,13,1164.0,593.0
2022-12-16 15:02:29.317822,13,1171.0,595.0
2022-12-16 15:02:29.327827,13,1176.0,597.0
2022-12-16 15:02:29.339087,13,1183.0,600.0
2022-12-16 15:02:29.348824,13,1189.0,602.0
2022-12-16 15:02:29.358788,13,1194.0,604.0
2022-12-16 15:02:29.367834,13,1197.0,605.0
2022-12-16 15:02:29.377805,13,1199.0,606.0
2022-12-16 15:02:29.388783,13,1202.0,607.0
2022-12-16 15:02:29.398854,13,1205.0,608.0
2022-12-16 15:02:29.407894,13,1207.0,609.0
2022-12-16 15:02:29.418183,13,1211.0,610.0
2022-12-16 15:02:29.429126,13,1214.0,611.0
2022-12-16 15:02:29.439358,13,1220.0,613.0
2022-12-16 15:02:29.448436,13,1226.0,615.0
2022-12-16 15:02:29.457467,13,1230.0,615.0
2022-12-16 15:02:29.468464,13,1234.0,616.0
2022-12-16 15:02:29.479476,13,1239.0,616.0
2022-12-16 15:02:29.487831,13,1243.0,617.0
2022-12-16 15:02:29.497711,13,1245.0,617.0
2022-12-16 15:02:29.508721,13,1247.0,617.0
2022-12-16 15:02:29.518435,13,1250.0,619.0
2022-12-16 15:02:29.529351,13,1255.0,619.0
2022-12-16 15:02:29.538014,13,1261.0,619.0
2022-12-16 15:02:29.547878,13,1266.0,620.0
2022-12-16 15:02:29.558947,13,1273.0,621.0
2022-12-16 15:02:29.568916,13,1281.0,621.0
2022-12-16 15:02:29.578201,13,1289.0,621.0
2022-12-16 15:02:29.588177,13,1297.0,621.0
2022-12-16 15:02:29.599232,13,1307.0,621.0
2022-12-16 15:02:29.609266,13,1316.0,621.0
2022-12-16 15:02:29.617347,13,1326.0,621.0
2022-12-16 15:02:29.627547,13,1334.0,621.0
2022-12-16 15:02:29.639199,13,1341.0,621.0
2022-12-16 15:02:29.648270,13,1345.0,621.0
2022-12-16 15:02:29.658307,13,1348.0,620.0
2022-12-16 15:02:29.668915,13,1351.0,620.0
2022-12-16 15:02:29.679978,13,1354.0,620.0
2022-12-16 15:02:29.689813,13,1355.0,620.0
2022-12-16 15:02:29.699813,13,1356.0,620.0
2022-12-16 15:02:29.708966,13,1359.0,620.0
2022-12-16 15:02:29.719104,13,1360.0,620.0
2022-12-16 15:02:29.730194,13,1362.0,620.0
2022-12-16 15:02:29.739332,13,1365.0,619.0
2022-12-16 15:02:29.748338,13,1367.0,619.0
2022-12-16 15:02:29.758393,13,1369.0,619.0
2022-12-16 15:02:29.770373,13,1372.0,619.0
2022-12-16 15:02:29.779783,13,1375.0,619.0
2022-12-16 15:02:29.788836,13,1378.0,619.0
2022-12-16 15:02:29.799066,13,1380.0,619.0
2022-12-16 15:02:29.809619,13,1382.0,619.0
2022-12-16 15:02:29.819537,13,1385.0,619.0
2022-12-16 15:02:29.829578,13,1387.0,619.0
2022-12-16 15:02:29.839869,13,1391.0,619.0
2022-12-16 15:02:29.850666,13,1397.0,619.0
2022-12-16 15:02:29.860849,13,1403.0,619.0
2022-12-16 15:02:29.870825,13,1414.0,619.0
2022-12-16 15:02:29.880137,13,1425.0,619.0
2022-12-16 15:02:29.890147,13,1437.0,619.0
2022-12-16 15:02:29.900616,13,1451.0,619.0
2022-12-16 15:02:29.911656,13,1477.0,619.0
2022-12-16 15:02:29.920419,13,1503.0,619.0
2022-12-16 15:02:29.930480,13,1525.0,619.0
2022-12-16 15:02:29.940788,13,1543.0,619.0
2022-12-16 15:02:29.950616,13,1572.0,617.0
2022-12-16 15:02:29.959560,13,1602.0,612.0
2022-12-16 15:02:29.969666,13,1624.0,604.0
2022-12-16 15:02:29.980504,13,1655.0,592.0
2022-12-16 15:02:29.990539,13,1682.0,582.0
2022-12-16 15:02:29.999822,13,1703.0,570.0
2022-12-16 15:02:30.010338,13,1716.0,560.0
2022-12-16 15:02:30.020942,13,1729.0,552.0
2022-12-16 15:02:30.030953,13,1739.0,543.0
2022-12-16 15:02:30.041008,13,1746.0,537.0
2022-12-16 15:02:30.050046,13,1751.0,532.0
2022-12-16 15:02:30.060021,13,1754.0,529.0
2022-12-16 15:02:30.070954,13,1756.0,527.0
2022-12-16 15:02:30.081030,13,1756.0,526.0
2022-12-16 15:02:30.111094,13,1756.0,525.0
2022-12-16 15:02:30.120121,13,1756.0,524.0
2022-12-16 15:02:30.130453,13,1755.0,523.0
2022-12-16 15:02:30.139414,13,1755.0,521.0
2022-12-16 15:02:30.151149,13,1754.0,520.0
2022-12-16 15:02:30.161110,13,1753.0,519.0
2022-12-16 15:02:30.171129,13,1751.0,517.0
2022-12-16 15:02:30.180121,13,1750.0,516.0
2022-12-16 15:02:30.192221,13,1748.0,514.0
2022-12-16 15:02:30.202392,13,1747.0,513.0
2022-12-16 15:02:30.211739,13,1745.0,512.0
2022-12-16 15:02:30.220767,13,1744.0,511.0
2022-12-16 15:02:30.231449,13,1743.0,509.0
2022-12-16 15:02:30.241924,13,1741.0,508.0
2022-12-16 15:02:30.251930,13,1740.0,506.0
2022-12-16 15:02:30.261061,13,1738.0,505.0
2022-12-16 15:02:30.270734,13,1736.0,503.0
2022-12-16 15:02:30.281706,13,1733.0,501.0
2022-12-16 15:02:30.291652,13,1728.0,499.0
2022-12-16 15:02:30.300892,13,1726.0,496.0
2022-12-16 15:02:30.310649,13,1723.0,493.0
2022-12-16 15:02:30.321406,13,1718.0,490.0
2022-12-16 15:02:30.332441,13,1714.0,487.0
2022-12-16 15:02:30.342005,13,1710.0,484.0
2022-12-16 15:02:30.351491,13,1708.0,483.0
2022-12-16 15:02:30.362605,13,1705.0,480.0
2022-12-16 15:02:30.372713,13,1702.0,479.0
2022-12-16 15:02:30.382714,13,1699.0,476.0
2022-12-16 15:02:30.391720,13,1696.0,473.0
2022-12-16 15:02:30.401726,13,1694.0,472.0
2022-12-16 15:02:30.412436,13,1693.0,471.0
2022-12-16 15:02:30.422376,13,1691.0,470.0
2022-12-16 15:02:30.432331,13,1691.0,469.0
2022-12-16 15:02:30.441330,13,1690.0,468.0
2022-12-16 15:02:30.451342,13,1688.0,466.0
2022-12-16 15:02:30.463125,13,1686.0,464.0
2022-12-16 15:02:30.471891,13,1683.0,462.0
2022-12-16 15:02:30.481940,13,1680.0,456.0
2022-12-16 15:02:30.491945,13,1676.0,449.0
2022-12-16 15:02:30.503007,13,1671.0,439.0
2022-12-16 15:02:30.512045,13,1664.0,424.0
2022-12-16 15:02:30.521923,13,1656.0,411.0
2022-12-16 15:02:30.531827,13,1652.0,398.0
2022-12-16 15:02:30.542667,13,1647.0,382.0
2022-12-16 15:02:30.552549,13,1641.0,367.0
2022-12-16 15:02:30.561265,13,1637.0,357.0
2022-12-16 15:02:30.571495,13,1633.0,348.0
2022-12-16 15:02:30.583258,13,1629.0,338.0
2022-12-16 15:02:30.593370,13,1625.0,330.0
2022-12-16 15:02:30.602108,13,1623.0,324.0
2022-12-16 15:02:30.612230,13,1622.0,319.0
2022-12-16 15:02:30.622243,13,1618.0,311.0
2022-12-16 15:02:30.633502,13,1618.0,308.0
2022-12-16 15:02:30.642479,13,1616.0,303.0
2022-12-16 15:02:30.651520,13,1615.0,300.0
2022-12-16 15:02:30.662123,13,1614.0,299.0
2022-12-16 15:02:30.683034,13,1614.0,298.0
2022-12-16 15:02:30.693036,13,1613.0,297.0
2022-12-16 15:02:30.703037,13,1612.0,295.0
2022-12-16 15:02:30.714082,13,1609.0,289.0
2022-12-16 15:02:30.724031,13,1606.0,284.0
2022-12-16 15:02:30.733103,13,1604.0,276.0
2022-12-16 15:02:30.742691,13,1600.0,271.0
2022-12-16 15:02:30.753691,13,1599.0,264.0
2022-12-16 15:02:30.763977,13,1596.0,260.0
2022-12-16 15:02:30.772765,13,1593.0,255.0
2022-12-16 15:02:30.782734,13,1592.0,253.0
2022-12-16 15:02:30.792902,13,1589.0,248.0
2022-12-16 15:02:30.804203,13,1586.0,244.0
2022-12-16 15:02:30.813211,13,1581.0,238.0
2022-12-16 15:02:30.823209,13,1576.0,230.0
2022-12-16 15:02:30.832202,13,1569.0,222.0
2022-12-16 15:02:30.843947,13,1563.0,213.0
2022-12-16 15:02:30.854135,13,1555.0,205.0
2022-12-16 15:02:30.864073,13,1548.0,195.0
2022-12-16 15:02:30.874105,13,1545.0,190.0
2022-12-16 15:02:30.884899,13,1544.0,189.0
2022-12-16 15:02:30.935237,13,1543.0,188.0
2022-12-16 15:02:30.944178,13,1541.0,186.0
2022-12-16 15:02:30.954179,13,1540.0,185.0
2022-12-16 15:02:30.963802,13,1538.0,183.0
2022-12-16 15:02:30.974797,13,1537.0,182.0
2022-12-16 15:02:30.993496,13,1535.0,180.0
2022-12-16 15:02:31.003400,13,1534.0,179.0
2022-12-16 15:02:31.023437,13,1534.0,178.0
2022-12-16 15:02:31.044387,13,1533.0,177.0
2022-12-16 15:02:31.055412,13,1532.0,177.0
2022-12-16 15:02:31.064595,13,1530.0,175.0
2022-12-16 15:02:31.073630,13,1526.0,171.0
2022-12-16 15:02:31.083501,13,1520.0,165.0
2022-12-16 15:02:31.095011,13,1512.0,156.0
2022-12-16 15:02:33.615450,14,601.0,601.0
2022-12-16 15:02:33.634079,14,600.0,601.0
2022-12-16 15:02:33.673739,14,598.0,601.0
2022-12-16 15:02:33.683730,14,597.0,603.0
2022-12-16 15:02:33.695100,14,597.0,605.0
2022-12-16 15:02:33.704745,14,603.0,611.0
2022-12-16 15:02:33.713745,14,609.0,619.0
2022-12-16 15:02:33.723512,14,615.0,625.0
2022-12-16 15:02:33.733425,14,621.0,631.0
2022-12-16 15:02:33.744932,14,626.0,636.0
2022-12-16 15:02:33.755049,14,632.0,642.0
2022-12-16 15:02:33.764643,14,640.0,646.0
2022-12-16 15:02:33.774635,14,647.0,648.0
2022-12-16 15:02:33.785643,14,653.0,649.0
2022-12-16 15:02:33.795783,14,658.0,649.0
2022-12-16 15:02:33.805038,14,661.0,649.0
2022-12-16 15:02:33.815104,14,664.0,649.0
2022-12-16 15:02:33.826115,14,665.0,648.0
2022-12-16 15:02:33.836199,14,666.0,648.0
2022-12-16 15:02:33.845167,14,667.0,648.0
2022-12-16 15:02:33.855178,14,668.0,648.0
2022-12-16 15:02:33.865929,14,670.0,646.0
2022-12-16 15:02:33.875902,14,671.0,646.0
2022-12-16 15:02:33.926256,14,672.0,645.0
2022-12-16 15:02:33.957130,14,673.0,645.0
2022-12-16 15:02:33.967004,14,674.0,644.0
2022-12-16 15:02:33.975781,14,676.0,644.0
2022-12-16 15:02:33.985774,14,676.0,643.0
2022-12-16 15:02:34.006947,14,678.0,643.0
2022-12-16 15:02:34.025602,14,679.0,643.0
2022-12-16 15:02:34.047109,14,680.0,642.0
2022-12-16 15:02:34.055403,14,681.0,642.0
2022-12-16 15:02:34.077067,14,682.0,640.0
2022-12-16 15:02:34.086621,14,683.0,639.0
2022-12-16 15:02:34.095898,14,684.0,638.0
2022-12-16 15:02:34.105621,14,685.0,637.0
2022-12-16 15:02:34.116074,14,686.0,636.0
2022-12-16 15:02:34.127181,14,688.0,634.0
2022-12-16 15:02:34.137014,14,689.0,633.0
2022-12-16 15:02:34.146048,14,691.0,631.0
2022-12-16 15:02:34.156295,14,692.0,630.0
2022-12-16 15:02:34.167330,14,694.0,628.0
2022-12-16 15:02:34.177121,14,696.0,626.0
2022-12-16 15:02:34.185339,14,698.0,624.0
2022-12-16 15:02:34.196037,14,700.0,622.0
2022-12-16 15:02:34.206832,14,703.0,619.0
2022-12-16 15:02:34.216711,14,705.0,617.0
2022-12-16 15:02:34.226203,14,706.0,616.0
2022-12-16 15:02:34.235935,14,709.0,613.0
2022-12-16 15:02:34.245332,14,710.0,612.0
2022-12-16 15:02:34.257123,14,713.0,609.0
2022-12-16 15:02:34.267124,14,718.0,607.0
2022-12-16 15:02:34.276901,14,720.0,605.0
2022-12-16 15:02:34.287108,14,722.0,603.0
2022-12-16 15:02:34.298207,14,723.0,602.0
2022-12-16 15:02:34.307858,14,724.0,601.0
2022-12-16 15:02:34.326833,14,726.0,599.0
2022-12-16 15:02:34.337606,14,727.0,598.0
2022-12-16 15:02:34.347858,14,729.0,597.0
2022-12-16 15:02:34.356737,14,731.0,596.0
2022-12-16 15:02:34.366443,14,732.0,595.0
2022-12-16 15:02:34.377359,14,735.0,593.0
2022-12-16 15:02:34.388360,14,738.0,591.0
2022-12-16 15:02:34.396703,14,740.0,588.0
2022-12-16 15:02:34.407053,14,745.0,586.0
2022-12-16 15:02:34.418066,14,751.0,584.0
2022-12-16 15:02:34.427825,14,757.0,580.0
2022-12-16 15:02:34.438332,14,762.0,578.0
2022-12-16 15:02:34.447723,14,768.0,575.0
2022-12-16 15:02:34.457849,14,777.0,572.0
2022-12-16 15:02:34.468724,14,783.0,569.0
2022-12-16 15:02:34.478831,14,790.0,567.0
2022-12-16 15:02:34.487850,14,794.0,566.0
2022-12-16 15:02:34.497241,14,797.0,564.0
2022-12-16 15:02:34.508293,14,802.0,563.0
2022-12-16 15:02:34.518760,14,806.0,562.0
2022-12-16 15:02:34.527725,14,808.0,561.0
2022-12-16 15:02:34.538270,14,811.0,560.0
2022-12-16 15:02:34.548317,14,814.0,559.0
2022-12-16 15:02:34.559013,14,816.0,558.0
2022-12-16 15:02:34.568006,14,818.0,557.0
2022-12-16 15:02:34.648974,14,819.0,557.0
2022-12-16 15:02:34.657979,14,820.0,557.0
2022-12-16 15:02:34.667898,14,821.0,557.0
2022-12-16 15:02:34.678877,14,825.0,558.0
2022-12-16 15:02:34.688875,14,827.0,559.0
2022-12-16 15:02:34.697527,14,832.0,561.0
2022-12-16 15:02:34.707532,14,837.0,563.0
2022-12-16 15:02:34.719145,14,842.0,563.0
2022-12-16 15:02:34.729104,14,849.0,563.0
2022-12-16 15:02:34.738118,14,857.0,563.0
2022-12-16 15:02:34.748164,14,864.0,563.0
2022-12-16 15:02:34.758243,14,871.0,563.0
2022-12-16 15:02:34.768661,14,879.0,563.0
2022-12-16 15:02:34.778662,14,886.0,562.0
2022-12-16 15:02:34.788798,14,893.0,560.0
2022-12-16 15:02:34.798819,14,900.0,559.0
2022-12-16 15:02:34.809829,14,905.0,558.0
2022-12-16 15:02:34.820100,14,907.0,557.0
2022-12-16 15:02:34.829141,14,910.0,557.0
2022-12-16 15:02:34.839203,14,911.0,557.0
2022-12-16 15:02:34.850241,14,912.0,557.0
2022-12-16 15:02:34.860454,14,913.0,557.0
2022-12-16 15:02:34.868660,14,914.0,557.0
2022-12-16 15:02:34.889828,14,915.0,557.0
2022-12-16 15:02:34.899597,14,918.0,557.0
2022-12-16 15:02:34.918802,14,919.0,556.0
2022-12-16 15:02:35.010015,14,920.0,556.0
2022-12-16 15:02:35.030101,14,921.0,556.0
2022-12-16 15:02:35.039514,14,922.0,556.0
2022-12-16 15:02:35.049743,14,923.0,556.0
2022-12-16 15:02:35.111102,14,924.0,556.0
2022-12-16 15:02:35.120134,14,925.0,556.0
2022-12-16 15:02:35.129763,14,926.0,556.0
2022-12-16 15:02:35.139994,14,928.0,556.0
2022-12-16 15:02:35.151222,14,929.0,556.0
2022-12-16 15:02:35.160752,14,932.0,556.0
2022-12-16 15:02:35.169751,14,933.0,556.0
2022-12-16 15:02:35.179631,14,936.0,556.0
2022-12-16 15:02:35.190640,14,938.0,556.0
2022-12-16 15:02:35.200679,14,940.0,556.0
2022-12-16 15:02:35.209597,14,942.0,556.0
2022-12-16 15:02:35.220119,14,943.0,556.0
2022-12-16 15:02:35.230846,14,945.0,556.0
2022-12-16 15:02:35.240848,14,949.0,556.0
2022-12-16 15:02:35.249831,14,952.0,556.0
2022-12-16 15:02:35.260159,14,953.0,556.0
2022-12-16 15:02:35.270189,14,956.0,556.0
2022-12-16 15:02:35.280899,14,957.0,556.0
2022-12-16 15:02:35.290190,14,959.0,556.0
2022-12-16 15:02:35.300635,14,961.0,556.0
2022-12-16 15:02:35.310608,14,964.0,556.0
2022-12-16 15:02:35.321710,14,966.0,556.0
2022-12-16 15:02:35.331945,14,969.0,556.0
2022-12-16 15:02:35.340966,14,973.0,556.0
2022-12-16 15:02:35.352108,14,976.0,555.0
2022-12-16 15:02:35.363135,14,982.0,554.0
2022-12-16 15:02:35.372577,14,988.0,554.0
2022-12-16 15:02:35.381933,14,998.0,554.0
2022-12-16 15:02:35.390992,14,1005.0,554.0
2022-12-16 15:02:35.402400,14,1013.0,552.0
2022-12-16 15:02:35.411868,14,1021.0,551.0
2022-12-16 15:02:35.420881,14,1029.0,549.0
2022-12-16 15:02:35.430878,14,1035.0,548.0
2022-12-16 15:02:35.441490,14,1041.0,547.0
2022-12-16 15:02:35.451531,14,1048.0,545.0
2022-12-16 15:02:35.462172,14,1056.0,543.0
2022-12-16 15:02:35.471991,14,1062.0,542.0
2022-12-16 15:02:35.482980,14,1070.0,540.0
2022-12-16 15:02:35.492979,14,1076.0,539.0
2022-12-16 15:02:35.503052,14,1083.0,537.0
2022-12-16 15:02:35.512020,14,1089.0,536.0
2022-12-16 15:02:35.522056,14,1092.0,535.0
2022-12-16 15:02:35.533061,14,1097.0,534.0
2022-12-16 15:02:35.623334,14,1098.0,534.0
2022-12-16 15:02:35.631617,14,1099.0,534.0
2022-12-16 15:02:35.641779,14,1100.0,534.0
2022-12-16 15:02:35.652371,14,1100.0,533.0
2022-12-16 15:02:35.662324,14,1101.0,533.0
2022-12-16 15:02:35.673047,14,1104.0,533.0
2022-12-16 15:02:35.682045,14,1105.0,533.0
2022-12-16 15:02:35.692062,14,1110.0,531.0
2022-12-16 15:02:35.703060,14,1116.0,530.0
2022-12-16 15:02:35.713119,14,1125.0,529.0
2022-12-16 15:02:35.722072,14,1135.0,527.0
2022-12-16 15:02:35.732078,14,1142.0,525.0
2022-12-16 15:02:35.743203,14,1153.0,523.0
2022-12-16 15:02:35.752281,14,1162.0,521.0
2022-12-16 15:02:35.761327,14,1170.0,519.0
2022-12-16 15:02:35.771363,14,1178.0,517.0
2022-12-16 15:02:35.782659,14,1188.0,515.0
2022-12-16 15:02:35.792719,14,1195.0,512.0
2022-12-16 15:02:37.901078,15,503.0,901.0
2022-12-16 15:02:37.912121,15,504.0,901.0
2022-12-16 15:02:37.922158,15,506.0,901.0
2022-12-16 15:02:37.932196,15,507.0,901.0
2022-12-16 15:02:37.940227,15,509.0,901.0
2022-12-16 15:02:37.950628,15,510.0,901.0
2022-12-16 15:02:37.962648,15,513.0,901.0
2022-12-16 15:02:37.972733,15,515.0,900.0
2022-12-16 15:02:37.981256,15,519.0,899.0
2022-12-16 15:02:37.991663,15,521.0,899.0
2022-12-16 15:02:38.001680,15,524.0,899.0
2022-12-16 15:02:38.012212,15,529.0,897.0
2022-12-16 15:02:38.021397,15,534.0,896.0
2022-12-16 15:02:38.032268,15,539.0,892.0
2022-12-16 15:02:38.042965,15,545.0,890.0
2022-12-16 15:02:38.052875,15,551.0,887.0
2022-12-16 15:02:38.062764,15,558.0,883.0
2022-12-16 15:02:38.071700,15,563.0,880.0
2022-12-16 15:02:38.082765,15,568.0,878.0
2022-12-16 15:02:38.092979,15,574.0,874.0
2022-12-16 15:02:38.102819,15,579.0,873.0
2022-12-16 15:02:38.111860,15,585.0,869.0
2022-12-16 15:02:38.122435,15,588.0,867.0
2022-12-16 15:02:38.133214,15,594.0,866.0
2022-12-16 15:02:38.142354,15,599.0,863.0
2022-12-16 15:02:38.151931,15,604.0,861.0
2022-12-16 15:02:38.161930,15,607.0,859.0
2022-12-16 15:02:38.173075,15,610.0,857.0
2022-12-16 15:02:38.183263,15,614.0,856.0
2022-12-16 15:02:38.191392,15,617.0,855.0
2022-12-16 15:02:38.201383,15,619.0,853.0
2022-12-16 15:02:38.212488,15,623.0,852.0
2022-12-16 15:02:38.223510,15,626.0,850.0
2022-12-16 15:02:38.232604,15,630.0,847.0
2022-12-16 15:02:38.241644,15,634.0,844.0
2022-12-16 15:02:38.251841,15,637.0,842.0
2022-12-16 15:02:38.262641,15,643.0,840.0
2022-12-16 15:02:38.273086,15,647.0,837.0
2022-12-16 15:02:38.282094,15,650.0,834.0
2022-12-16 15:02:38.292181,15,654.0,831.0
2022-12-16 15:02:38.302263,15,659.0,827.0
2022-12-16 15:02:38.313185,15,665.0,824.0
2022-12-16 15:02:38.322309,15,671.0,819.0
2022-12-16 15:02:38.331351,15,677.0,815.0
2022-12-16 15:02:38.342728,15,686.0,809.0
2022-12-16 15:02:38.352785,15,691.0,804.0
2022-12-16 15:02:38.362809,15,698.0,797.0
2022-12-16 15:02:38.372847,15,704.0,791.0
2022-12-16 15:02:38.383881,15,710.0,785.0
2022-12-16 15:02:38.393816,15,716.0,779.0
2022-12-16 15:02:38.403905,15,721.0,773.0
2022-12-16 15:02:38.412859,15,727.0,766.0
2022-12-16 15:02:38.424237,15,731.0,759.0
2022-12-16 15:02:38.433307,15,736.0,753.0
2022-12-16 15:02:38.444181,15,740.0,747.0
2022-12-16 15:02:38.453333,15,744.0,741.0
2022-12-16 15:02:38.462350,15,747.0,738.0
2022-12-16 15:02:38.473421,15,750.0,735.0
2022-12-16 15:02:38.483410,15,752.0,732.0
2022-12-16 15:02:38.492625,15,753.0,731.0
2022-12-16 15:02:38.502653,15,754.0,729.0
2022-12-16 15:02:38.514120,15,755.0,727.0
2022-12-16 15:02:38.523988,15,757.0,724.0
2022-12-16 15:02:38.534072,15,759.0,721.0
2022-12-16 15:02:38.543878,15,761.0,720.0
2022-12-16 15:02:38.555435,15,764.0,717.0
2022-12-16 15:02:38.564464,15,765.0,715.0
2022-12-16 15:02:38.574695,15,767.0,713.0
2022-12-16 15:02:38.584253,15,768.0,712.0
2022-12-16 15:02:38.986475,15,769.0,711.0
2022-12-16 15:02:39.015174,15,769.0,710.0
2022-12-16 15:02:39.057083,15,768.0,710.0
2022-12-16 15:02:39.095435,15,768.0,709.0
2022-12-16 15:02:39.185722,15,767.0,708.0
2022-12-16 15:02:39.196247,15,767.0,707.0
2022-12-16 15:02:39.216267,15,766.0,706.0
2022-12-16 15:02:39.247285,15,765.0,704.0
2022-12-16 15:02:39.256326,15,765.0,703.0
2022-12-16 15:02:39.265761,15,764.0,702.0
2022-12-16 15:02:39.276847,15,764.0,699.0
2022-12-16 15:02:39.286876,15,764.0,698.0
2022-12-16 15:02:39.296598,15,764.0,696.0
2022-12-16 15:02:39.306108,15,764.0,693.0
2022-12-16 15:02:39.315862,15,764.0,690.0
2022-12-16 15:02:39.326429,15,764.0,685.0
2022-12-16 15:02:39.336429,15,764.0,681.0
2022-12-16 15:02:39.346462,15,764.0,677.0
2022-12-16 15:02:39.355548,15,764.0,676.0
2022-12-16 15:02:39.366567,15,764.0,675.0
2022-12-16 15:02:39.387127,15,766.0,672.0
2022-12-16 15:02:39.396324,15,766.0,670.0
2022-12-16 15:02:39.407606,15,767.0,669.0
2022-12-16 15:02:39.417655,15,767.0,668.0
2022-12-16 15:02:39.436963,15,768.0,666.0
2022-12-16 15:02:39.457534,15,768.0,664.0
2022-12-16 15:02:39.467541,15,769.0,663.0
2022-12-16 15:02:39.477176,15,770.0,662.0
2022-12-16 15:02:39.487226,15,771.0,661.0
2022-12-16 15:02:39.498202,15,773.0,659.0
2022-12-16 15:02:39.507559,15,776.0,656.0
2022-12-16 15:02:39.516986,15,780.0,650.0
2022-12-16 15:02:39.527089,15,784.0,643.0
2022-12-16 15:02:39.538154,15,787.0,640.0
2022-12-16 15:02:39.547260,15,790.0,636.0
2022-12-16 15:02:39.557318,15,793.0,633.0
2022-12-16 15:02:39.568065,15,795.0,632.0
2022-12-16 15:02:39.578796,15,797.0,630.0
2022-12-16 15:02:39.588618,15,800.0,627.0
2022-12-16 15:02:39.598629,15,801.0,626.0
2022-12-16 15:02:39.607666,15,803.0,624.0
2022-12-16 15:02:39.618438,15,804.0,623.0
2022-12-16 15:02:39.629404,15,806.0,621.0
2022-12-16 15:02:39.639435,15,807.0,620.0
2022-12-16 15:02:39.648239,15,809.0,618.0
2022-12-16 15:02:39.658189,15,810.0,617.0
2022-12-16 15:02:39.669057,15,811.0,616.0
2022-12-16 15:02:39.679120,15,813.0,614.0
2022-12-16 15:02:39.688163,15,815.0,612.0
2022-12-16 15:02:39.698059,15,816.0,611.0
2022-12-16 15:02:39.709287,15,818.0,609.0
2022-12-16 15:02:39.719022,15,819.0,608.0
2022-12-16 15:02:39.728075,15,819.0,607.0
2022-12-16 15:02:39.799010,15,820.0,607.0
2022-12-16 15:02:39.809130,15,821.0,606.0
2022-12-16 15:02:39.817636,15,823.0,604.0
2022-12-16 15:02:39.827643,15,825.0,602.0
2022-12-16 15:02:39.838388,15,828.0,599.0
2022-12-16 15:02:39.849022,15,831.0,595.0
2022-12-16 15:02:39.858037,15,834.0,592.0
2022-12-16 15:02:39.868113,15,837.0,590.0
2022-12-16 15:02:39.879167,15,840.0,587.0
2022-12-16 15:02:39.888432,15,842.0,585.0
2022-12-16 15:02:39.899137,15,844.0,583.0
2022-12-16 15:02:39.913257,15,846.0,581.0
2022-12-16 15:02:39.919266,15,848.0,580.0
2022-12-16 15:02:39.929308,15,851.0,577.0
2022-12-16 15:02:39.940467,15,856.0,574.0
2022-12-16 15:02:39.948447,15,860.0,571.0
2022-12-16 15:02:39.959800,15,864.0,568.0
2022-12-16 15:02:39.969534,15,870.0,564.0
2022-12-16 15:02:39.979132,15,875.0,560.0
2022-12-16 15:02:39.989138,15,878.0,558.0
2022-12-16 15:02:39.999845,15,880.0,556.0
2022-12-16 15:02:40.010176,15,882.0,555.0
2022-12-16 15:02:40.080082,15,883.0,554.0
2022-12-16 15:02:40.090789,15,883.0,553.0
2022-12-16 15:02:40.111084,15,885.0,552.0
2022-12-16 15:02:40.210171,15,886.0,551.0
2022-12-16 15:02:40.230803,15,887.0,551.0
2022-12-16 15:02:40.239922,15,888.0,551.0
2022-12-16 15:02:40.249921,15,889.0,551.0
2022-12-16 15:02:40.271118,15,891.0,551.0
2022-12-16 15:02:40.280140,15,892.0,551.0
2022-12-16 15:02:40.289800,15,893.0,551.0
2022-12-16 15:02:40.301228,15,894.0,551.0
2022-12-16 15:02:40.320101,15,896.0,551.0
2022-12-16 15:02:40.329300,15,897.0,551.0
2022-12-16 15:02:40.339811,15,898.0,551.0
2022-12-16 15:02:40.350810,15,899.0,551.0
2022-12-16 15:02:40.379985,15,901.0,552.0
2022-12-16 15:02:40.391141,15,902.0,552.0
2022-12-16 15:02:40.401097,15,903.0,552.0
2022-12-16 15:02:40.421445,15,905.0,552.0
2022-12-16 15:02:40.433012,15,906.0,552.0
2022-12-16 15:02:40.442315,15,907.0,553.0
2022-12-16 15:02:40.451343,15,908.0,554.0
2022-12-16 15:02:40.471971,15,909.0,554.0
2022-12-16 15:02:40.481968,15,911.0,555.0
2022-12-16 15:02:40.491957,15,912.0,556.0
2022-12-16 15:02:40.501057,15,913.0,556.0
2022-12-16 15:02:40.562132,15,914.0,556.0
2022-12-16 15:02:40.582390,15,915.0,556.0
2022-12-16 15:02:40.592220,15,915.0,557.0
2022-12-16 15:02:40.602411,15,916.0,557.0
2022-12-16 15:02:40.612540,15,917.0,557.0
2022-12-16 15:02:40.623441,15,919.0,557.0
2022-12-16 15:02:40.632124,15,920.0,557.0
2022-12-16 15:02:40.642112,15,922.0,557.0
2022-12-16 15:02:40.652712,15,923.0,557.0
2022-12-16 15:02:40.662976,15,928.0,556.0
2022-12-16 15:02:40.671755,15,930.0,556.0
2022-12-16 15:02:40.682762,15,931.0,556.0
2022-12-16 15:02:40.692768,15,933.0,556.0
2022-12-16 15:02:40.702535,15,935.0,555.0
2022-12-16 15:02:40.721540,15,936.0,555.0
2022-12-16 15:02:40.852159,15,938.0,555.0
2022-12-16 15:02:40.881408,15,940.0,554.0
2022-12-16 15:02:40.892133,15,941.0,554.0
2022-12-16 15:02:40.903053,15,943.0,554.0
2022-12-16 15:02:40.913058,15,946.0,553.0
2022-12-16 15:02:40.923069,15,949.0,552.0
2022-12-16 15:02:40.932156,15,957.0,551.0
2022-12-16 15:02:40.944061,15,965.0,549.0
2022-12-16 15:02:40.954176,15,972.0,547.0
2022-12-16 15:02:40.964122,15,980.0,545.0
2022-12-16 15:02:40.972229,15,986.0,544.0
2022-12-16 15:02:40.983294,15,990.0,543.0
2022-12-16 15:02:40.993406,15,995.0,542.0
2022-12-16 15:02:41.003412,15,997.0,542.0
2022-12-16 15:02:41.012479,15,999.0,542.0
2022-12-16 15:02:41.023551,15,1000.0,541.0
2022-12-16 15:02:41.033405,15,1003.0,541.0
2022-12-16 15:02:41.043448,15,1006.0,539.0
2022-12-16 15:02:41.052492,15,1011.0,538.0
2022-12-16 15:02:41.062796,15,1013.0,536.0
2022-12-16 15:02:41.073854,15,1019.0,535.0
2022-12-16 15:02:41.084115,15,1022.0,533.0
2022-12-16 15:02:41.093436,15,1027.0,532.0
2022-12-16 15:02:41.103403,15,1031.0,531.0
2022-12-16 15:02:41.114572,15,1035.0,531.0
2022-12-16 15:02:41.124401,15,1036.0,531.0
2022-12-16 15:02:41.134263,15,1038.0,531.0
2022-12-16 15:02:41.143279,15,1040.0,531.0
2022-12-16 15:02:41.154914,15,1042.0,531.0
2022-12-16 15:02:41.164731,15,1045.0,530.0
2022-12-16 15:02:41.174729,15,1048.0,529.0
2022-12-16 15:02:41.183695,15,1050.0,527.0
2022-12-16 15:02:41.195379,15,1053.0,526.0
2022-12-16 15:02:41.204378,15,1055.0,525.0
2022-12-16 15:02:41.215083,15,1058.0,523.0
2022-12-16 15:02:41.223868,15,1061.0,521.0
2022-12-16 15:02:41.233862,15,1064.0,518.0
2022-12-16 15:02:41.244892,15,1065.0,514.0
2022-12-16 15:02:41.255097,15,1065.0,507.0
2022-12-16 15:02:41.264071,15,1065.0,501.0
2022-12-16 15:02:41.274070,15,1065.0,496.0
2022-12-16 15:02:41.285035,15,1065.0,493.0
2022-12-16 15:02:41.294646,15,1067.0,491.0
2022-12-16 15:02:41.304675,15,1067.0,488.0
2022-12-16 15:02:41.313620,15,1068.0,486.0
2022-12-16 15:02:41.325056,15,1068.0,485.0
2022-12-16 15:02:41.334829,15,1068.0,484.0
2022-12-16 15:02:41.344806,15,1069.0,481.0
2022-12-16 15:02:41.354077,15,1069.0,477.0
2022-12-16 15:02:41.364949,15,1072.0,469.0
2022-12-16 15:02:41.374959,15,1075.0,463.0
2022-12-16 15:02:41.385066,15,1078.0,455.0
2022-12-16 15:02:41.394403,15,1085.0,446.0
2022-12-16 15:02:41.403471,15,1089.0,440.0
2022-12-16 15:02:41.414835,15,1094.0,432.0
2022-12-16 15:02:41.425897,15,1100.0,425.0
2022-12-16 15:02:41.434894,15,1106.0,417.0
2022-12-16 15:02:41.444928,15,1112.0,410.0
2022-12-16 15:02:41.456068,15,1117.0,404.0
2022-12-16 15:02:41.465959,15,1120.0,400.0
2022-12-16 15:02:41.476094,15,1124.0,393.0
2022-12-16 15:02:41.485202,15,1129.0,387.0
2022-12-16 15:02:41.495519,15,1132.0,383.0
2022-12-16 15:02:41.505439,15,1136.0,379.0
2022-12-16 15:02:41.515368,15,1140.0,375.0
2022-12-16 15:02:41.524875,15,1142.0,373.0
2022-12-16 15:02:41.535652,15,1144.0,371.0
2022-12-16 15:02:41.545594,15,1145.0,370.0
2022-12-16 15:02:41.647050,15,1146.0,369.0
2022-12-16 15:02:41.656122,15,1147.0,368.0
2022-12-16 15:02:41.667126,15,1147.0,367.0
2022-12-16 15:02:41.676279,15,1148.0,364.0
2022-12-16 15:02:41.687077,15,1148.0,362.0
2022-12-16 15:02:41.695772,15,1148.0,357.0
2022-12-16 15:02:41.706435,15,1148.0,352.0
2022-12-16 15:02:41.716425,15,1148.0,343.0
2022-12-16 15:02:41.726711,15,1147.0,333.0
2022-12-16 15:02:41.735622,15,1147.0,323.0
2022-12-16 15:02:41.745591,15,1145.0,314.0
2022-12-16 15:02:41.756592,15,1143.0,302.0
2022-12-16 15:02:41.766392,15,1141.0,294.0
2022-12-16 15:02:41.775820,15,1138.0,292.0
2022-12-16 15:02:41.817030,15,1138.0,291.0
2022-12-16 15:02:41.825803,15,1137.0,290.0
2022-12-16 15:02:41.836794,15,1136.0,288.0
2022-12-16 15:02:41.847080,15,1135.0,284.0
2022-12-16 15:02:41.857088,15,1133.0,281.0
2022-12-16 15:02:41.865804,15,1129.0,276.0
2022-12-16 15:02:41.876437,15,1128.0,273.0
2022-12-16 15:02:41.886666,15,1125.0,267.0
2022-12-16 15:02:41.896363,15,1123.0,265.0
2022-12-16 15:02:41.905367,15,1121.0,263.0
2022-12-16 15:02:41.917377,15,1121.0,262.0
2022-12-16 15:02:41.926723,15,1119.0,261.0
2022-12-16 15:02:41.936716,15,1118.0,260.0
2022-12-16 15:02:41.946952,15,1117.0,258.0
2022-12-16 15:02:41.957164,15,1117.0,257.0
2022-12-16 15:02:41.968190,15,1116.0,257.0
2022-12-16 15:02:41.978268,15,1116.0,256.0
2022-12-16 15:02:41.988377,15,1115.0,256.0
2022-12-16 15:02:41.996427,15,1114.0,255.0
2022-12-16 15:02:42.007998,15,1113.0,252.0
2022-12-16 15:02:42.017993,15,1111.0,250.0
2022-12-16 15:02:42.027410,15,1109.0,248.0
2022-12-16 15:02:42.036462,15,1106.0,244.0
2022-12-16 15:02:42.047540,15,1105.0,241.0
2022-12-16 15:02:42.057414,15,1103.0,238.0
2022-12-16 15:02:42.067564,15,1102.0,237.0
2022-12-16 15:02:42.076534,15,1101.0,235.0
2022-12-16 15:02:42.088232,15,1099.0,232.0
2022-12-16 15:02:42.097197,15,1097.0,226.0
2022-12-16 15:02:42.108295,15,1096.0,224.0
2022-12-16 15:02:42.117943,15,1094.0,219.0
2022-12-16 15:02:42.128013,15,1093.0,218.0
2022-12-16 15:02:42.138518,15,1093.0,217.0
2022-12-16 15:02:42.149237,15,1092.0,216.0
2022-12-16 15:02:42.229203,15,1092.0,215.0
2022-12-16 15:02:42.239208,15,1091.0,215.0
2022-12-16 15:02:42.248236,15,1090.0,214.0
2022-12-16 15:02:42.259075,15,1090.0,211.0
